<?xml version="1.0" encoding="ANSI_X3.4-1968"?>
<discourse>  <sentence orderid="0" MarkableID="markable_0">
    <parse tag="(ROOT (S (S (NP (DT This)) (VP (VBZ is) (NP (DT a) (JJ fierce) (JJ bad) (NN Rabbit)))) (: ;) (S (VP (VB look) (PP (IN at) (NP (NP (PRP$ his) (JJ savage) (NNS whiskers)) (CC and) (NP (NP (PRP$ his) (NNS claws)) (CC and) (NP (PRP$ his) (JJ turned-up) (NN tail))))))) (. .)))" MarkableID="markable_0">
      <response enamex_type="np" coref_set="set_3" Gender="UNKNOWN" number="singular" sem_class="UNKNOWN" MarkableID="markable_7">
        <pos tag="dt" MarkableID="markable_0">
          <chunk tag="np" MarkableID="markable_0">
            <markable sentenceid="0" label="np" type="chunk" lemmata="this" isprenominal="false" pos="dt" MarkableID="markable_0">
              <morph lemma="this" MarkableID="markable_0">
                <word f="This"/>
              </morph>
            </markable>
          </chunk>
        </pos>
      </response>
      <pos tag="vbz" MarkableID="markable_1">
        <morph lemma="be" MarkableID="markable_1">
          <word f="is"/>
        </morph>
      </pos>
      <chunk tag="np" MarkableID="markable_1">
        <pos tag="dt" MarkableID="markable_2">
          <morph lemma="a" MarkableID="markable_2">
            <word f="a"/>
          </morph>
        </pos>
        <enamex tag="location" MarkableID="markable_0">
          <markable sentenceid="0" label="location" type="enamex" lemmata="fierce bad rabbit" isprenominal="false" pos="jj jj nn" MarkableID="markable_42">
            <pos tag="jj" MarkableID="markable_3">
              <morph lemma="fierce" MarkableID="markable_3">
                <word f="fierce"/>
              </morph>
            </pos>
            <pos tag="jj" MarkableID="markable_4">
              <morph lemma="bad" MarkableID="markable_4">
                <word f="bad"/>
              </morph>
            </pos>
            <pos tag="nn" MarkableID="markable_5">
              <morph lemma="rabbit" MarkableID="markable_5">
                <word f="Rabbit"/>
              </morph>
            </pos>
          </markable>
        </enamex>
      </chunk>
      <pos tag=":" MarkableID="markable_6">
        <morph lemma=";" MarkableID="markable_6">
          <word f=";"/>
        </morph>
      </pos>
      <pos tag="vb" MarkableID="markable_7">
        <morph lemma="look" MarkableID="markable_7">
          <word f="look"/>
        </morph>
      </pos>
      <pos tag="in" MarkableID="markable_8">
        <morph lemma="at" MarkableID="markable_8">
          <word f="at"/>
        </morph>
      </pos>
      <chunk tag="np" MarkableID="markable_2">
        <markable sentenceid="0" label="np" type="chunk" lemmata="his savage whisker" isprenominal="false" pos="prp$ jj nns" MarkableID="markable_1">
          <response enamex_type="np" coref_set="set_7" Gender="MALE" number="singular" sem_class="MALE" MarkableID="markable_13">
            <pos tag="prp$" MarkableID="markable_9">
              <markable sentenceid="0" label="np" type="chunk" lemmata="his" isprenominal="true" pos="prp$" MarkableID="markable_45">
                <morph lemma="his" MarkableID="markable_9">
                  <word f="his"/>
                </morph>
              </markable>
            </pos>
          </response>
          <pos tag="jj" MarkableID="markable_10">
            <morph lemma="savage" MarkableID="markable_10">
              <word f="savage"/>
            </morph>
          </pos>
          <pos tag="nns" MarkableID="markable_11">
            <morph lemma="whisker" MarkableID="markable_11">
              <word f="whiskers"/>
            </morph>
          </pos>
        </markable>
      </chunk>
      <pos tag="cc" MarkableID="markable_12">
        <morph lemma="and" MarkableID="markable_12">
          <word f="and"/>
        </morph>
      </pos>
      <chunk tag="np" MarkableID="markable_3">
        <markable sentenceid="0" label="np" type="chunk" lemmata="his claw" isprenominal="false" pos="prp$ nns" MarkableID="markable_2">
          <response enamex_type="np" coref_set="set_7" Gender="MALE" dir_antecedent="markable_13" number="singular" sem_class="MALE" MarkableID="markable_21">
            <pos tag="prp$" MarkableID="markable_13">
              <markable sentenceid="0" label="np" type="chunk" lemmata="his" isprenominal="true" pos="prp$" MarkableID="markable_46">
                <morph lemma="his" MarkableID="markable_13">
                  <word f="his"/>
                </morph>
              </markable>
            </pos>
          </response>
          <pos tag="nns" MarkableID="markable_14">
            <morph lemma="claw" MarkableID="markable_14">
              <word f="claws"/>
            </morph>
          </pos>
        </markable>
      </chunk>
      <pos tag="cc" MarkableID="markable_15">
        <morph lemma="and" MarkableID="markable_15">
          <word f="and"/>
        </morph>
      </pos>
      <chunk tag="np" MarkableID="markable_4">
        <markable sentenceid="0" label="np" type="chunk" lemmata="his turned-up tail" isprenominal="false" pos="prp$ jj nn" MarkableID="markable_3">
          <response enamex_type="np" coref_set="set_7" Gender="MALE" dir_antecedent="markable_21" number="singular" sem_class="MALE" MarkableID="markable_23">
            <pos tag="prp$" MarkableID="markable_16">
              <markable sentenceid="0" label="np" type="chunk" lemmata="his" isprenominal="true" pos="prp$" MarkableID="markable_47">
                <morph lemma="his" MarkableID="markable_16">
                  <word f="his"/>
                </morph>
              </markable>
            </pos>
          </response>
          <pos tag="jj" MarkableID="markable_17">
            <morph lemma="turned-up" MarkableID="markable_17">
              <word f="turned-up"/>
            </morph>
          </pos>
          <pos tag="nn" MarkableID="markable_18">
            <morph lemma="tail" MarkableID="markable_18">
              <word f="tail"/>
            </morph>
          </pos>
        </markable>
      </chunk>
      <pos tag="." MarkableID="markable_19">
        <morph lemma="." MarkableID="markable_19">
          <word f="."/>
        </morph>
      </pos>
    </parse>
  </sentence>
  <sentence orderid="1" MarkableID="markable_1">
    <parse tag="(ROOT (S (NP (DT This)) (VP (VBZ is) (NP (DT a) (JJ nice) (JJ gentle) (NN Rabbit))) (. .)))" MarkableID="markable_1">
      <response enamex_type="np" coref_set="set_3" Gender="UNKNOWN" dir_antecedent="markable_7" number="singular" sem_class="UNKNOWN" MarkableID="markable_22">
        <pos tag="dt" MarkableID="markable_20">
          <chunk tag="np" MarkableID="markable_5">
            <markable sentenceid="1" label="np" type="chunk" lemmata="this" isprenominal="false" pos="dt" MarkableID="markable_4">
              <morph lemma="this" MarkableID="markable_20">
                <word f="This"/>
              </morph>
            </markable>
          </chunk>
        </pos>
      </response>
      <pos tag="vbz" MarkableID="markable_21">
        <morph lemma="be" MarkableID="markable_21">
          <word f="is"/>
        </morph>
      </pos>
      <chunk tag="np" MarkableID="markable_6">
        <markable sentenceid="1" label="np" type="chunk" lemmata="a nice gentle rabbit" isprenominal="false" pos="dt jj jj nn" MarkableID="markable_5">
          <pos tag="dt" MarkableID="markable_22">
            <morph lemma="a" MarkableID="markable_22">
              <word f="a"/>
            </morph>
          </pos>
          <pos tag="jj" MarkableID="markable_23">
            <morph lemma="nice" MarkableID="markable_23">
              <word f="nice"/>
            </morph>
          </pos>
          <pos tag="jj" MarkableID="markable_24">
            <morph lemma="gentle" MarkableID="markable_24">
              <word f="gentle"/>
            </morph>
          </pos>
          <pos tag="nn" MarkableID="markable_25">
            <morph lemma="rabbit" MarkableID="markable_25">
              <word f="Rabbit"/>
            </morph>
          </pos>
        </markable>
      </chunk>
      <pos tag="." MarkableID="markable_26">
        <morph lemma="." MarkableID="markable_26">
          <word f="."/>
        </morph>
      </pos>
    </parse>
  </sentence>
  <sentence orderid="2" MarkableID="markable_2">
    <parse tag="(ROOT (S (NP (PRP$ His) (NN mother)) (VP (VBZ has) (VP (VBN given) (S (NP (PRP him)) (NP (DT a) (NN carrot))))) (. .)))" MarkableID="markable_2">
      <response enamex_type="np" coref_set="set_4" Gender="UNKNOWN" number="singular" sem_class="PERSON" MarkableID="markable_19">
        <chunk tag="np" MarkableID="markable_7">
          <markable sentenceid="2" label="np" type="chunk" lemmata="his mother" isprenominal="false" pos="prp$ nn" MarkableID="markable_6">
            <response enamex_type="np" coref_set="set_7" Gender="MALE" dir_antecedent="markable_23" number="singular" sem_class="MALE" MarkableID="markable_24">
              <pos tag="prp$" MarkableID="markable_27">
                <markable sentenceid="2" label="np" type="chunk" lemmata="his" isprenominal="true" pos="prp$" MarkableID="markable_48">
                  <morph lemma="his" MarkableID="markable_27">
                    <word f="His"/>
                  </morph>
                </markable>
              </pos>
            </response>
            <pos tag="nn" MarkableID="markable_28">
              <morph lemma="mother" MarkableID="markable_28">
                <word f="mother"/>
              </morph>
            </pos>
          </markable>
        </chunk>
      </response>
      <pos tag="vbz" MarkableID="markable_29">
        <morph lemma="have" MarkableID="markable_29">
          <word f="has"/>
        </morph>
      </pos>
      <pos tag="vbn" MarkableID="markable_30">
        <morph lemma="give" MarkableID="markable_30">
          <word f="given"/>
        </morph>
      </pos>
      <response enamex_type="np" coref_set="set_4" Gender="MALE" dir_antecedent="markable_19" number="singular" sem_class="MALE" MarkableID="markable_32">
        <pos tag="prp" MarkableID="markable_31">
          <chunk tag="np" MarkableID="markable_8">
            <markable sentenceid="2" label="np" type="chunk" lemmata="he" isprenominal="false" pos="prp" MarkableID="markable_7">
              <morph lemma="he" MarkableID="markable_31">
                <word f="him"/>
              </morph>
            </markable>
          </chunk>
        </pos>
      </response>
      <response enamex_type="np" coref_set="set_6" Gender="NEUTRAL" number="singular" sem_class="OBJECT" MarkableID="markable_28">
        <chunk tag="np" MarkableID="markable_9">
          <markable sentenceid="2" label="np" type="chunk" lemmata="a carrot" isprenominal="false" pos="dt nn" MarkableID="markable_8">
            <pos tag="dt" MarkableID="markable_32">
              <morph lemma="a" MarkableID="markable_32">
                <word f="a"/>
              </morph>
            </pos>
            <pos tag="nn" MarkableID="markable_33">
              <morph lemma="carrot" MarkableID="markable_33">
                <word f="carrot"/>
              </morph>
            </pos>
          </markable>
        </chunk>
      </response>
      <pos tag="." MarkableID="markable_34">
        <morph lemma="." MarkableID="markable_34">
          <word f="."/>
        </morph>
      </pos>
    </parse>
  </sentence>
  <sentence orderid="3" MarkableID="markable_3">
    <parse tag="(ROOT (S (NP (DT The) (JJ bad) (NNP Rabbit)) (VP (MD would) (VP (VB like) (NP (DT some) (NN carrot)))) (. .)))" MarkableID="markable_3">
      <chunk tag="np" MarkableID="markable_10">
        <markable sentenceid="3" label="np" type="chunk" lemmata="the bad rabbit" isprenominal="false" pos="dt jj nnp" MarkableID="markable_9">
          <pos tag="dt" MarkableID="markable_35">
            <morph lemma="the" MarkableID="markable_35">
              <word f="The"/>
            </morph>
          </pos>
          <pos tag="jj" MarkableID="markable_36">
            <morph lemma="bad" MarkableID="markable_36">
              <word f="bad"/>
            </morph>
          </pos>
          <pos tag="nnp" MarkableID="markable_37">
            <morph lemma="rabbit" MarkableID="markable_37">
              <word f="Rabbit"/>
            </morph>
          </pos>
        </markable>
      </chunk>
      <pos tag="md" MarkableID="markable_38">
        <morph lemma="would" MarkableID="markable_38">
          <word f="would"/>
        </morph>
      </pos>
      <pos tag="vb" MarkableID="markable_39">
        <morph lemma="like" MarkableID="markable_39">
          <word f="like"/>
        </morph>
      </pos>
      <response enamex_type="np" coref_set="set_6" Gender="NEUTRAL" dir_antecedent="markable_28" number="singular" sem_class="OBJECT" MarkableID="markable_6">
        <chunk tag="np" MarkableID="markable_11">
          <markable sentenceid="3" label="np" type="chunk" lemmata="some carrot" isprenominal="false" pos="dt nn" MarkableID="markable_10">
            <pos tag="dt" MarkableID="markable_40">
              <morph lemma="some" MarkableID="markable_40">
                <word f="some"/>
              </morph>
            </pos>
            <pos tag="nn" MarkableID="markable_41">
              <morph lemma="carrot" MarkableID="markable_41">
                <word f="carrot"/>
              </morph>
            </pos>
          </markable>
        </chunk>
      </response>
      <pos tag="." MarkableID="markable_42">
        <morph lemma="." MarkableID="markable_42">
          <word f="."/>
        </morph>
      </pos>
    </parse>
  </sentence>
  <sentence orderid="4" MarkableID="markable_4">
    <parse tag="(ROOT (S (NP (PRP He)) (VP (VBZ does) (RB n't) (VP (VB say) (&quot; &quot;) (INTJ (UH Please)))) (. .)))" MarkableID="markable_4">
      <response enamex_type="np" coref_set="set_4" Gender="MALE" dir_antecedent="markable_32" number="singular" sem_class="MALE" MarkableID="markable_17">
        <pos tag="prp" MarkableID="markable_43">
          <chunk tag="np" MarkableID="markable_12">
            <markable sentenceid="4" label="np" type="chunk" lemmata="he" isprenominal="false" pos="prp" MarkableID="markable_11">
              <morph lemma="he" MarkableID="markable_43">
                <word f="He"/>
              </morph>
            </markable>
          </chunk>
        </pos>
      </response>
      <pos tag="vbz" MarkableID="markable_44">
        <morph lemma="do" MarkableID="markable_44">
          <word f="does"/>
        </morph>
      </pos>
      <pos tag="rb" MarkableID="markable_45">
        <morph lemma="not" MarkableID="markable_45">
          <word f="n't"/>
        </morph>
      </pos>
      <pos tag="vb" MarkableID="markable_46">
        <morph lemma="say" MarkableID="markable_46">
          <word f="say"/>
        </morph>
      </pos>
      <pos tag="&quot;" MarkableID="markable_47">
        <morph lemma="&quot;" MarkableID="markable_47">
          <word f="&quot;"/>
        </morph>
      </pos>
      <pos tag="uh" MarkableID="markable_48">
        <morph lemma="please" MarkableID="markable_48">
          <word f="Please"/>
        </morph>
      </pos>
      <pos tag="." MarkableID="markable_49">
        <morph lemma="." MarkableID="markable_49">
          <word f="."/>
        </morph>
      </pos>
    </parse>
  </sentence>
  <sentence orderid="5" MarkableID="markable_5">
    <parse tag="(ROOT (&quot; &quot;) (S (NP (PRP He)) (VP (VBZ takes) (NP (PRP it))) (. !)))" MarkableID="markable_5">
      <pos tag="&quot;" MarkableID="markable_50">
        <morph lemma="&quot;" MarkableID="markable_50">
          <word f="&quot;"/>
        </morph>
      </pos>
      <response enamex_type="np" coref_set="set_4" Gender="MALE" dir_antecedent="markable_17" number="singular" sem_class="MALE" MarkableID="markable_8">
        <pos tag="prp" MarkableID="markable_51">
          <chunk tag="np" MarkableID="markable_13">
            <markable sentenceid="5" label="np" type="chunk" lemmata="he" isprenominal="false" pos="prp" MarkableID="markable_12">
              <morph lemma="he" MarkableID="markable_51">
                <word f="He"/>
              </morph>
            </markable>
          </chunk>
        </pos>
      </response>
      <pos tag="vbz" MarkableID="markable_52">
        <morph lemma="take" MarkableID="markable_52">
          <word f="takes"/>
        </morph>
      </pos>
      <response enamex_type="np" coref_set="set_2" Gender="NEUTRAL" number="singular" sem_class="UNKNOWN" MarkableID="markable_26">
        <pos tag="prp" MarkableID="markable_53">
          <chunk tag="np" MarkableID="markable_14">
            <markable sentenceid="5" label="np" type="chunk" lemmata="it" isprenominal="false" pos="prp" MarkableID="markable_13">
              <morph lemma="it" MarkableID="markable_53">
                <word f="it"/>
              </morph>
            </markable>
          </chunk>
        </pos>
      </response>
      <pos tag="." MarkableID="markable_54">
        <morph lemma="!" MarkableID="markable_54">
          <word f="!"/>
        </morph>
      </pos>
    </parse>
  </sentence>
  <sentence orderid="6" MarkableID="markable_6">
    <parse tag="(ROOT (S (CC And) (NP (PRP he)) (VP (VBZ scratches) (NP (DT the) (JJ good) (NN Rabbit)) (ADVP (RB very) (RB badly))) (. .)))" MarkableID="markable_6">
      <pos tag="cc" MarkableID="markable_55">
        <morph lemma="and" MarkableID="markable_55">
          <word f="And"/>
        </morph>
      </pos>
      <response enamex_type="np" coref_set="set_4" Gender="MALE" dir_antecedent="markable_8" number="singular" sem_class="MALE" MarkableID="markable_4">
        <pos tag="prp" MarkableID="markable_56">
          <chunk tag="np" MarkableID="markable_15">
            <markable sentenceid="6" label="np" type="chunk" lemmata="he" isprenominal="false" pos="prp" MarkableID="markable_14">
              <morph lemma="he" MarkableID="markable_56">
                <word f="he"/>
              </morph>
            </markable>
          </chunk>
        </pos>
      </response>
      <pos tag="vbz" MarkableID="markable_57">
        <morph lemma="scratch" MarkableID="markable_57">
          <word f="scratches"/>
        </morph>
      </pos>
      <response enamex_type="np" coref_set="set_5" Gender="NEUTRAL" number="singular" sem_class="OBJECT" MarkableID="markable_33">
        <chunk tag="np" MarkableID="markable_16">
          <markable sentenceid="6" label="np" type="chunk" lemmata="the good rabbit" isprenominal="false" pos="dt jj nn" MarkableID="markable_15">
            <pos tag="dt" MarkableID="markable_58">
              <morph lemma="the" MarkableID="markable_58">
                <word f="the"/>
              </morph>
            </pos>
            <pos tag="jj" MarkableID="markable_59">
              <morph lemma="good" MarkableID="markable_59">
                <word f="good"/>
              </morph>
            </pos>
            <pos tag="nn" MarkableID="markable_60">
              <morph lemma="rabbit" MarkableID="markable_60">
                <word f="Rabbit"/>
              </morph>
            </pos>
          </markable>
        </chunk>
      </response>
      <pos tag="rb" MarkableID="markable_61">
        <morph lemma="very" MarkableID="markable_61">
          <word f="very"/>
        </morph>
      </pos>
      <pos tag="rb" MarkableID="markable_62">
        <morph lemma="badly" MarkableID="markable_62">
          <word f="badly"/>
        </morph>
      </pos>
      <pos tag="." MarkableID="markable_63">
        <morph lemma="." MarkableID="markable_63">
          <word f="."/>
        </morph>
      </pos>
    </parse>
  </sentence>
  <sentence orderid="7" MarkableID="markable_7">
    <parse tag="(ROOT (S (NP (DT The) (JJ good) (NNP Rabbit)) (VP (VP (VBZ creeps) (ADVP (RB away))) (CC and) (VP (NNS hides) (PP (IN in) (NP (DT a) (NN hole))))) (. .)))" MarkableID="markable_7">
      <response enamex_type="np" coref_set="set_5" Gender="NEUTRAL" dir_antecedent="markable_33" number="singular" sem_class="OBJECT" MarkableID="markable_14">
        <chunk tag="np" MarkableID="markable_17">
          <markable sentenceid="7" label="np" type="chunk" lemmata="the good rabbit" isprenominal="false" pos="dt jj nnp" MarkableID="markable_16">
            <pos tag="dt" MarkableID="markable_64">
              <morph lemma="the" MarkableID="markable_64">
                <word f="The"/>
              </morph>
            </pos>
            <pos tag="jj" MarkableID="markable_65">
              <morph lemma="good" MarkableID="markable_65">
                <word f="good"/>
              </morph>
            </pos>
            <pos tag="nnp" MarkableID="markable_66">
              <morph lemma="rabbit" MarkableID="markable_66">
                <word f="Rabbit"/>
              </morph>
            </pos>
          </markable>
        </chunk>
      </response>
      <pos tag="vbz" MarkableID="markable_67">
        <morph lemma="creep" MarkableID="markable_67">
          <word f="creeps"/>
        </morph>
      </pos>
      <pos tag="rb" MarkableID="markable_68">
        <morph lemma="away" MarkableID="markable_68">
          <word f="away"/>
        </morph>
      </pos>
      <pos tag="cc" MarkableID="markable_69">
        <morph lemma="and" MarkableID="markable_69">
          <word f="and"/>
        </morph>
      </pos>
      <pos tag="nns" MarkableID="markable_70">
        <morph lemma="hide" MarkableID="markable_70">
          <word f="hides"/>
        </morph>
      </pos>
      <pos tag="in" MarkableID="markable_71">
        <morph lemma="in" MarkableID="markable_71">
          <word f="in"/>
        </morph>
      </pos>
      <chunk tag="np" MarkableID="markable_18">
        <markable sentenceid="7" label="np" type="chunk" lemmata="a hole" isprenominal="false" pos="dt nn" MarkableID="markable_17">
          <pos tag="dt" MarkableID="markable_72">
            <morph lemma="a" MarkableID="markable_72">
              <word f="a"/>
            </morph>
          </pos>
          <pos tag="nn" MarkableID="markable_73">
            <morph lemma="hole" MarkableID="markable_73">
              <word f="hole"/>
            </morph>
          </pos>
        </markable>
      </chunk>
      <pos tag="." MarkableID="markable_74">
        <morph lemma="." MarkableID="markable_74">
          <word f="."/>
        </morph>
      </pos>
    </parse>
  </sentence>
  <sentence orderid="8" MarkableID="markable_8">
    <parse tag="(ROOT (S (NP (PRP It)) (VP (VBZ feels) (ADJP (JJ sad))) (. .)))" MarkableID="markable_8">
      <response enamex_type="np" coref_set="set_2" Gender="NEUTRAL" dir_antecedent="markable_26" number="singular" sem_class="UNKNOWN" MarkableID="markable_31">
        <pos tag="prp" MarkableID="markable_75">
          <chunk tag="np" MarkableID="markable_19">
            <markable sentenceid="8" label="np" type="chunk" lemmata="it" isprenominal="false" pos="prp" MarkableID="markable_18">
              <morph lemma="it" MarkableID="markable_75">
                <word f="It"/>
              </morph>
            </markable>
          </chunk>
        </pos>
      </response>
      <pos tag="vbz" MarkableID="markable_76">
        <morph lemma="feel" MarkableID="markable_76">
          <word f="feels"/>
        </morph>
      </pos>
      <pos tag="jj" MarkableID="markable_77">
        <morph lemma="sad" MarkableID="markable_77">
          <word f="sad"/>
        </morph>
      </pos>
      <pos tag="." MarkableID="markable_78">
        <morph lemma="." MarkableID="markable_78">
          <word f="."/>
        </morph>
      </pos>
    </parse>
  </sentence>
  <sentence orderid="9" MarkableID="markable_9">
    <parse tag="(ROOT (S (NP (DT This)) (VP (VBZ is) (NP (NP (DT a) (NN man)) (PP (IN with) (NP (DT a) (NN gun))))) (. .)))" MarkableID="markable_9">
      <response enamex_type="np" coref_set="set_3" Gender="UNKNOWN" dir_antecedent="markable_22" number="singular" sem_class="UNKNOWN" MarkableID="markable_15">
        <pos tag="dt" MarkableID="markable_79">
          <chunk tag="np" MarkableID="markable_20">
            <markable sentenceid="9" label="np" type="chunk" lemmata="this" isprenominal="false" pos="dt" MarkableID="markable_19">
              <morph lemma="this" MarkableID="markable_79">
                <word f="This"/>
              </morph>
            </markable>
          </chunk>
        </pos>
      </response>
      <pos tag="vbz" MarkableID="markable_80">
        <morph lemma="be" MarkableID="markable_80">
          <word f="is"/>
        </morph>
      </pos>
      <response enamex_type="np" coref_set="set_1" Gender="MALE" number="singular" sem_class="MALE" MarkableID="markable_10">
        <chunk tag="np" MarkableID="markable_21">
          <markable sentenceid="9" label="np" type="chunk" lemmata="a man" isprenominal="false" pos="dt nn" MarkableID="markable_20">
            <pos tag="dt" MarkableID="markable_81">
              <morph lemma="a" MarkableID="markable_81">
                <word f="a"/>
              </morph>
            </pos>
            <pos tag="nn" MarkableID="markable_82">
              <morph lemma="man" MarkableID="markable_82">
                <word f="man"/>
              </morph>
            </pos>
          </markable>
        </chunk>
      </response>
      <pos tag="in" MarkableID="markable_83">
        <morph lemma="with" MarkableID="markable_83">
          <word f="with"/>
        </morph>
      </pos>
      <chunk tag="np" MarkableID="markable_22">
        <markable sentenceid="9" label="np" type="chunk" lemmata="a gun" isprenominal="false" pos="dt nn" MarkableID="markable_21">
          <pos tag="dt" MarkableID="markable_84">
            <morph lemma="a" MarkableID="markable_84">
              <word f="a"/>
            </morph>
          </pos>
          <pos tag="nn" MarkableID="markable_85">
            <morph lemma="gun" MarkableID="markable_85">
              <word f="gun"/>
            </morph>
          </pos>
        </markable>
      </chunk>
      <pos tag="." MarkableID="markable_86">
        <morph lemma="." MarkableID="markable_86">
          <word f="."/>
        </morph>
      </pos>
    </parse>
  </sentence>
  <sentence orderid="10" MarkableID="markable_10">
    <parse tag="(ROOT (S (NP (PRP He)) (VP (VBZ sees) (NP (NP (NN something)) (VP (VBG sitting) (PP (IN on) (NP (DT a) (NN bench)))))) (. .)))" MarkableID="markable_10">
      <response enamex_type="np" coref_set="set_1" Gender="MALE" dir_antecedent="markable_10" number="singular" sem_class="MALE" MarkableID="markable_16">
        <pos tag="prp" MarkableID="markable_87">
          <chunk tag="np" MarkableID="markable_23">
            <markable sentenceid="10" label="np" type="chunk" lemmata="he" isprenominal="false" pos="prp" MarkableID="markable_22">
              <morph lemma="he" MarkableID="markable_87">
                <word f="He"/>
              </morph>
            </markable>
          </chunk>
        </pos>
      </response>
      <pos tag="vbz" MarkableID="markable_88">
        <morph lemma="see" MarkableID="markable_88">
          <word f="sees"/>
        </morph>
      </pos>
      <pos tag="nn" MarkableID="markable_89">
        <chunk tag="np" MarkableID="markable_24">
          <markable sentenceid="10" label="np" type="chunk" lemmata="something" isprenominal="false" pos="nn" MarkableID="markable_23">
            <morph lemma="something" MarkableID="markable_89">
              <word f="something"/>
            </morph>
          </markable>
        </chunk>
      </pos>
      <pos tag="vbg" MarkableID="markable_90">
        <morph lemma="sit" MarkableID="markable_90">
          <word f="sitting"/>
        </morph>
      </pos>
      <pos tag="in" MarkableID="markable_91">
        <morph lemma="on" MarkableID="markable_91">
          <word f="on"/>
        </morph>
      </pos>
      <response enamex_type="np" coref_set="set_0" Gender="NEUTRAL" number="singular" sem_class="OBJECT" MarkableID="markable_9">
        <chunk tag="np" MarkableID="markable_25">
          <markable sentenceid="10" label="np" type="chunk" lemmata="a bench" isprenominal="false" pos="dt nn" MarkableID="markable_24">
            <pos tag="dt" MarkableID="markable_92">
              <morph lemma="a" MarkableID="markable_92">
                <word f="a"/>
              </morph>
            </pos>
            <pos tag="nn" MarkableID="markable_93">
              <morph lemma="bench" MarkableID="markable_93">
                <word f="bench"/>
              </morph>
            </pos>
          </markable>
        </chunk>
      </response>
      <pos tag="." MarkableID="markable_94">
        <morph lemma="." MarkableID="markable_94">
          <word f="."/>
        </morph>
      </pos>
    </parse>
  </sentence>
  <sentence orderid="11" MarkableID="markable_11">
    <parse tag="(ROOT (S (NP (PRP He)) (VP (VBZ thinks) (SBAR (S (NP (PRP it)) (VP (VBZ is) (NP (DT a) (ADJP (RB very) (JJ funny)) (NN bird)))))) (. !)))" MarkableID="markable_11">
      <response enamex_type="np" coref_set="set_1" Gender="MALE" dir_antecedent="markable_16" number="singular" sem_class="MALE" MarkableID="markable_12">
        <pos tag="prp" MarkableID="markable_95">
          <chunk tag="np" MarkableID="markable_26">
            <markable sentenceid="11" label="np" type="chunk" lemmata="he" isprenominal="false" pos="prp" MarkableID="markable_25">
              <morph lemma="he" MarkableID="markable_95">
                <word f="He"/>
              </morph>
            </markable>
          </chunk>
        </pos>
      </response>
      <pos tag="vbz" MarkableID="markable_96">
        <morph lemma="think" MarkableID="markable_96">
          <word f="thinks"/>
        </morph>
      </pos>
      <response enamex_type="np" coref_set="set_2" Gender="NEUTRAL" dir_antecedent="markable_31" number="singular" sem_class="UNKNOWN" MarkableID="markable_3">
        <pos tag="prp" MarkableID="markable_97">
          <chunk tag="np" MarkableID="markable_27">
            <markable sentenceid="11" label="np" type="chunk" lemmata="it" isprenominal="false" pos="prp" MarkableID="markable_26">
              <morph lemma="it" MarkableID="markable_97">
                <word f="it"/>
              </morph>
            </markable>
          </chunk>
        </pos>
      </response>
      <pos tag="vbz" MarkableID="markable_98">
        <morph lemma="be" MarkableID="markable_98">
          <word f="is"/>
        </morph>
      </pos>
      <chunk tag="np" MarkableID="markable_28">
        <markable sentenceid="11" label="np" type="chunk" lemmata="a very funny bird" isprenominal="false" pos="dt rb jj nn" MarkableID="markable_27">
          <pos tag="dt" MarkableID="markable_99">
            <morph lemma="a" MarkableID="markable_99">
              <word f="a"/>
            </morph>
          </pos>
          <pos tag="rb" MarkableID="markable_100">
            <morph lemma="very" MarkableID="markable_100">
              <word f="very"/>
            </morph>
          </pos>
          <pos tag="jj" MarkableID="markable_101">
            <morph lemma="funny" MarkableID="markable_101">
              <word f="funny"/>
            </morph>
          </pos>
          <pos tag="nn" MarkableID="markable_102">
            <morph lemma="bird" MarkableID="markable_102">
              <word f="bird"/>
            </morph>
          </pos>
        </markable>
      </chunk>
      <pos tag="." MarkableID="markable_103">
        <morph lemma="!" MarkableID="markable_103">
          <word f="!"/>
        </morph>
      </pos>
    </parse>
  </sentence>
  <sentence orderid="12" MarkableID="markable_12">
    <parse tag="(ROOT (S (NP (PRP He)) (VP (VBZ comes) (S (VP (VBG creeping) (PRT (RP up)) (PP (IN behind) (NP (DT the) (NNS trees)))))) (. .)))" MarkableID="markable_12">
      <response enamex_type="np" coref_set="set_1" Gender="MALE" dir_antecedent="markable_12" number="singular" sem_class="MALE" MarkableID="markable_27">
        <pos tag="prp" MarkableID="markable_104">
          <chunk tag="np" MarkableID="markable_29">
            <markable sentenceid="12" label="np" type="chunk" lemmata="he" isprenominal="false" pos="prp" MarkableID="markable_28">
              <morph lemma="he" MarkableID="markable_104">
                <word f="He"/>
              </morph>
            </markable>
          </chunk>
        </pos>
      </response>
      <pos tag="vbz" MarkableID="markable_105">
        <morph lemma="come" MarkableID="markable_105">
          <word f="comes"/>
        </morph>
      </pos>
      <pos tag="vbg" MarkableID="markable_106">
        <morph lemma="creep" MarkableID="markable_106">
          <word f="creeping"/>
        </morph>
      </pos>
      <pos tag="rp" MarkableID="markable_107">
        <morph lemma="up" MarkableID="markable_107">
          <word f="up"/>
        </morph>
      </pos>
      <pos tag="in" MarkableID="markable_108">
        <morph lemma="behind" MarkableID="markable_108">
          <word f="behind"/>
        </morph>
      </pos>
      <chunk tag="np" MarkableID="markable_30">
        <markable sentenceid="12" label="np" type="chunk" lemmata="the tree" isprenominal="false" pos="dt nns" MarkableID="markable_29">
          <pos tag="dt" MarkableID="markable_109">
            <morph lemma="the" MarkableID="markable_109">
              <word f="the"/>
            </morph>
          </pos>
          <pos tag="nns" MarkableID="markable_110">
            <morph lemma="tree" MarkableID="markable_110">
              <word f="trees"/>
            </morph>
          </pos>
        </markable>
      </chunk>
      <pos tag="." MarkableID="markable_111">
        <morph lemma="." MarkableID="markable_111">
          <word f="."/>
        </morph>
      </pos>
    </parse>
  </sentence>
  <sentence orderid="13" MarkableID="markable_13">
    <parse tag="(ROOT (S (CC And) (RB then) (NP (PRP he)) (VP (VBZ shoots) (: --) (INTJ (UH BANG))) (. !)))" MarkableID="markable_13">
      <pos tag="cc" MarkableID="markable_112">
        <morph lemma="and" MarkableID="markable_112">
          <word f="And"/>
        </morph>
      </pos>
      <pos tag="rb" MarkableID="markable_113">
        <morph lemma="then" MarkableID="markable_113">
          <word f="then"/>
        </morph>
      </pos>
      <response enamex_type="np" coref_set="set_1" Gender="MALE" dir_antecedent="markable_27" number="singular" sem_class="MALE" MarkableID="markable_18">
        <pos tag="prp" MarkableID="markable_114">
          <chunk tag="np" MarkableID="markable_31">
            <markable sentenceid="13" label="np" type="chunk" lemmata="he" isprenominal="false" pos="prp" MarkableID="markable_30">
              <morph lemma="he" MarkableID="markable_114">
                <word f="he"/>
              </morph>
            </markable>
          </chunk>
        </pos>
      </response>
      <pos tag="vbz" MarkableID="markable_115">
        <morph lemma="shoot" MarkableID="markable_115">
          <word f="shoots"/>
        </morph>
      </pos>
      <pos tag=":" MarkableID="markable_116">
        <morph lemma="--" MarkableID="markable_116">
          <word f="--"/>
        </morph>
      </pos>
      <pos tag="uh" MarkableID="markable_117">
        <morph lemma="bang" MarkableID="markable_117">
          <word f="BANG"/>
        </morph>
      </pos>
      <pos tag="." MarkableID="markable_118">
        <morph lemma="!" MarkableID="markable_118">
          <word f="!"/>
        </morph>
      </pos>
    </parse>
  </sentence>
  <sentence orderid="14" MarkableID="markable_14">
    <parse tag="(ROOT (S (S (NP (DT This)) (VP (VBZ is) (SBAR (WHNP (WP what)) (S (VP (VBZ happens)))))) (: --) (S (CC But) (NP (DT this)) (VP (VBZ is) (NP (NP (DT all)) (SBAR (S (NP (PRP he)) (VP (VBZ finds) (PP (IN on) (NP (DT the) (NN bench))))))) (SBAR (WHADVP (WRB when)) (S (NP (PRP he)) (VP (VBZ rushes) (PRT (RP up)) (PP (IN with) (NP (PRP$ his) (NN gun)))))))) (. .)))" MarkableID="markable_14">
      <response enamex_type="np" coref_set="set_3" Gender="UNKNOWN" dir_antecedent="markable_15" number="singular" sem_class="UNKNOWN" MarkableID="markable_2">
        <pos tag="dt" MarkableID="markable_119">
          <chunk tag="np" MarkableID="markable_32">
            <markable sentenceid="14" label="np" type="chunk" lemmata="this" isprenominal="false" pos="dt" MarkableID="markable_31">
              <morph lemma="this" MarkableID="markable_119">
                <word f="This"/>
              </morph>
            </markable>
          </chunk>
        </pos>
      </response>
      <pos tag="vbz" MarkableID="markable_120">
        <morph lemma="be" MarkableID="markable_120">
          <word f="is"/>
        </morph>
      </pos>
      <pos tag="wp" MarkableID="markable_121">
        <morph lemma="what" MarkableID="markable_121">
          <word f="what"/>
        </morph>
      </pos>
      <pos tag="vbz" MarkableID="markable_122">
        <morph lemma="happen" MarkableID="markable_122">
          <word f="happens"/>
        </morph>
      </pos>
      <pos tag=":" MarkableID="markable_123">
        <morph lemma="--" MarkableID="markable_123">
          <word f="--"/>
        </morph>
      </pos>
      <pos tag="cc" MarkableID="markable_124">
        <morph lemma="but" MarkableID="markable_124">
          <word f="But"/>
        </morph>
      </pos>
      <response enamex_type="np" coref_set="set_3" Gender="UNKNOWN" dir_antecedent="markable_2" number="singular" sem_class="UNKNOWN" MarkableID="markable_25">
        <pos tag="dt" MarkableID="markable_125">
          <chunk tag="np" MarkableID="markable_33">
            <markable sentenceid="14" label="np" type="chunk" lemmata="this" isprenominal="false" pos="dt" MarkableID="markable_32">
              <morph lemma="this" MarkableID="markable_125">
                <word f="this"/>
              </morph>
            </markable>
          </chunk>
        </pos>
      </response>
      <pos tag="vbz" MarkableID="markable_126">
        <morph lemma="be" MarkableID="markable_126">
          <word f="is"/>
        </morph>
      </pos>
      <pos tag="dt" MarkableID="markable_127">
        <chunk tag="np" MarkableID="markable_34">
          <markable sentenceid="14" label="np" type="chunk" lemmata="all" isprenominal="false" pos="dt" MarkableID="markable_33">
            <morph lemma="all" MarkableID="markable_127">
              <word f="all"/>
            </morph>
          </markable>
        </chunk>
      </pos>
      <response enamex_type="np" coref_set="set_1" Gender="MALE" dir_antecedent="markable_18" number="singular" sem_class="MALE" MarkableID="markable_0">
        <pos tag="prp" MarkableID="markable_128">
          <chunk tag="np" MarkableID="markable_35">
            <markable sentenceid="14" label="np" type="chunk" lemmata="he" isprenominal="false" pos="prp" MarkableID="markable_34">
              <morph lemma="he" MarkableID="markable_128">
                <word f="he"/>
              </morph>
            </markable>
          </chunk>
        </pos>
      </response>
      <pos tag="vbz" MarkableID="markable_129">
        <morph lemma="find" MarkableID="markable_129">
          <word f="finds"/>
        </morph>
      </pos>
      <pos tag="in" MarkableID="markable_130">
        <morph lemma="on" MarkableID="markable_130">
          <word f="on"/>
        </morph>
      </pos>
      <response enamex_type="np" coref_set="set_0" Gender="NEUTRAL" dir_antecedent="markable_9" number="singular" sem_class="OBJECT" MarkableID="markable_1">
        <chunk tag="np" MarkableID="markable_36">
          <markable sentenceid="14" label="np" type="chunk" lemmata="the bench" isprenominal="false" pos="dt nn" MarkableID="markable_35">
            <pos tag="dt" MarkableID="markable_131">
              <morph lemma="the" MarkableID="markable_131">
                <word f="the"/>
              </morph>
            </pos>
            <pos tag="nn" MarkableID="markable_132">
              <morph lemma="bench" MarkableID="markable_132">
                <word f="bench"/>
              </morph>
            </pos>
          </markable>
        </chunk>
      </response>
      <pos tag="wrb" MarkableID="markable_133">
        <morph lemma="when" MarkableID="markable_133">
          <word f="when"/>
        </morph>
      </pos>
      <response enamex_type="np" coref_set="set_1" Gender="MALE" dir_antecedent="markable_0" number="singular" sem_class="MALE" MarkableID="markable_20">
        <pos tag="prp" MarkableID="markable_134">
          <chunk tag="np" MarkableID="markable_37">
            <markable sentenceid="14" label="np" type="chunk" lemmata="he" isprenominal="false" pos="prp" MarkableID="markable_36">
              <morph lemma="he" MarkableID="markable_134">
                <word f="he"/>
              </morph>
            </markable>
          </chunk>
        </pos>
      </response>
      <pos tag="vbz" MarkableID="markable_135">
        <morph lemma="rush" MarkableID="markable_135">
          <word f="rushes"/>
        </morph>
      </pos>
      <pos tag="rp" MarkableID="markable_136">
        <morph lemma="up" MarkableID="markable_136">
          <word f="up"/>
        </morph>
      </pos>
      <pos tag="in" MarkableID="markable_137">
        <morph lemma="with" MarkableID="markable_137">
          <word f="with"/>
        </morph>
      </pos>
      <chunk tag="np" MarkableID="markable_38">
        <markable sentenceid="14" label="np" type="chunk" lemmata="his gun" isprenominal="false" pos="prp$ nn" MarkableID="markable_37">
          <response enamex_type="np" coref_set="set_1" Gender="MALE" dir_antecedent="markable_20" number="singular" sem_class="MALE" MarkableID="markable_30">
            <pos tag="prp$" MarkableID="markable_138">
              <markable sentenceid="14" label="np" type="chunk" lemmata="his" isprenominal="true" pos="prp$" MarkableID="markable_49">
                <morph lemma="his" MarkableID="markable_138">
                  <word f="his"/>
                </morph>
              </markable>
            </pos>
          </response>
          <pos tag="nn" MarkableID="markable_139">
            <morph lemma="gun" MarkableID="markable_139">
              <word f="gun"/>
            </morph>
          </pos>
        </markable>
      </chunk>
      <pos tag="." MarkableID="markable_140">
        <morph lemma="." MarkableID="markable_140">
          <word f="."/>
        </morph>
      </pos>
    </parse>
  </sentence>
  <sentence orderid="15" MarkableID="markable_15">
    <parse tag="(ROOT (S (NP (DT The) (JJ good) (NNP Rabbit)) (VP (VBZ peeps) (PP (IN out) (PP (IN of) (NP (PRP$ its) (NN hole))))) (. .)))" MarkableID="markable_15">
      <response enamex_type="np" coref_set="set_5" Gender="NEUTRAL" dir_antecedent="markable_14" number="singular" sem_class="OBJECT" MarkableID="markable_11">
        <chunk tag="np" MarkableID="markable_39">
          <markable sentenceid="15" label="np" type="chunk" lemmata="the good rabbit" isprenominal="false" pos="dt jj nnp" MarkableID="markable_38">
            <pos tag="dt" MarkableID="markable_141">
              <morph lemma="the" MarkableID="markable_141">
                <word f="The"/>
              </morph>
            </pos>
            <pos tag="jj" MarkableID="markable_142">
              <morph lemma="good" MarkableID="markable_142">
                <word f="good"/>
              </morph>
            </pos>
            <pos tag="nnp" MarkableID="markable_143">
              <morph lemma="rabbit" MarkableID="markable_143">
                <word f="Rabbit"/>
              </morph>
            </pos>
          </markable>
        </chunk>
      </response>
      <pos tag="vbz" MarkableID="markable_144">
        <morph lemma="peep" MarkableID="markable_144">
          <word f="peeps"/>
        </morph>
      </pos>
      <pos tag="in" MarkableID="markable_145">
        <morph lemma="out" MarkableID="markable_145">
          <word f="out"/>
        </morph>
      </pos>
      <pos tag="in" MarkableID="markable_146">
        <morph lemma="of" MarkableID="markable_146">
          <word f="of"/>
        </morph>
      </pos>
      <chunk tag="np" MarkableID="markable_40">
        <markable sentenceid="15" label="np" type="chunk" lemmata="its hole" isprenominal="false" pos="prp$ nn" MarkableID="markable_39">
          <response enamex_type="np" coref_set="set_5" Gender="NEUTRAL" dir_antecedent="markable_11" number="singular" sem_class="UNKNOWN" MarkableID="markable_5">
            <pos tag="prp$" MarkableID="markable_147">
              <markable sentenceid="15" label="np" type="chunk" lemmata="its" isprenominal="true" pos="prp$" MarkableID="markable_50">
                <morph lemma="its" MarkableID="markable_147">
                  <word f="its"/>
                </morph>
              </markable>
            </pos>
          </response>
          <pos tag="nn" MarkableID="markable_148">
            <morph lemma="hole" MarkableID="markable_148">
              <word f="hole"/>
            </morph>
          </pos>
        </markable>
      </chunk>
      <pos tag="." MarkableID="markable_149">
        <morph lemma="." MarkableID="markable_149">
          <word f="."/>
        </morph>
      </pos>
    </parse>
  </sentence>
  <sentence orderid="16" MarkableID="markable_16">
    <parse tag="(FRAG (X .) (X .) (X .) (X .) (X .))" MarkableID="markable_16">
      <pos tag="x" MarkableID="markable_150">
        <morph lemma="." MarkableID="markable_150">
          <word f="."/>
        </morph>
      </pos>
      <pos tag="x" MarkableID="markable_151">
        <morph lemma="." MarkableID="markable_151">
          <word f="."/>
        </morph>
      </pos>
      <pos tag="x" MarkableID="markable_152">
        <morph lemma="." MarkableID="markable_152">
          <word f="."/>
        </morph>
      </pos>
      <pos tag="x" MarkableID="markable_153">
        <morph lemma="." MarkableID="markable_153">
          <word f="."/>
        </morph>
      </pos>
      <pos tag="x" MarkableID="markable_154">
        <morph lemma="." MarkableID="markable_154">
          <word f="."/>
        </morph>
      </pos>
    </parse>
  </sentence>
  <sentence orderid="17" MarkableID="markable_17">
    <parse tag="(ROOT (S (CC and) (NP (PRP it)) (VP (VBZ sees) (NP (DT the) (JJ bad) (NNP Rabbit) (S (VP (VBG tearing) (ADVP (RB past)) (: --) (PP (IN without) (NP (DT any) (NN tail) (CC or) (NNS whiskers))))))) (. !)))" MarkableID="markable_17">
      <pos tag="cc" MarkableID="markable_155">
        <morph lemma="and" MarkableID="markable_155">
          <word f="and"/>
        </morph>
      </pos>
      <response enamex_type="np" coref_set="set_2" Gender="NEUTRAL" dir_antecedent="markable_3" number="singular" sem_class="UNKNOWN" MarkableID="markable_29">
        <pos tag="prp" MarkableID="markable_156">
          <chunk tag="np" MarkableID="markable_41">
            <markable sentenceid="17" label="np" type="chunk" lemmata="it" isprenominal="false" pos="prp" MarkableID="markable_40">
              <morph lemma="it" MarkableID="markable_156">
                <word f="it"/>
              </morph>
            </markable>
          </chunk>
        </pos>
      </response>
      <pos tag="vbz" MarkableID="markable_157">
        <morph lemma="see" MarkableID="markable_157">
          <word f="sees"/>
        </morph>
      </pos>
      <pos tag="dt" MarkableID="markable_158">
        <morph lemma="the" MarkableID="markable_158">
          <word f="the"/>
        </morph>
      </pos>
      <pos tag="jj" MarkableID="markable_159">
        <morph lemma="bad" MarkableID="markable_159">
          <word f="bad"/>
        </morph>
      </pos>
      <pos tag="nnp" MarkableID="markable_160">
        <morph lemma="rabbit" MarkableID="markable_160">
          <word f="Rabbit"/>
        </morph>
      </pos>
      <pos tag="vbg" MarkableID="markable_161">
        <morph lemma="tear" MarkableID="markable_161">
          <word f="tearing"/>
        </morph>
      </pos>
      <pos tag="rb" MarkableID="markable_162">
        <morph lemma="past" MarkableID="markable_162">
          <word f="past"/>
        </morph>
      </pos>
      <pos tag=":" MarkableID="markable_163">
        <morph lemma="--" MarkableID="markable_163">
          <word f="--"/>
        </morph>
      </pos>
      <pos tag="in" MarkableID="markable_164">
        <morph lemma="without" MarkableID="markable_164">
          <word f="without"/>
        </morph>
      </pos>
      <chunk tag="np" MarkableID="markable_42">
        <markable sentenceid="17" label="np" type="chunk" lemmata="any tail or whisker" isprenominal="false" pos="dt nn cc nns" MarkableID="markable_41">
          <markable sentenceid="17" label="np" type="chunk" lemmata="any tail" isprenominal="false" pos="dt nn" MarkableID="markable_43">
            <pos tag="dt" MarkableID="markable_165">
              <morph lemma="any" MarkableID="markable_165">
                <word f="any"/>
              </morph>
            </pos>
            <pos tag="nn" MarkableID="markable_166">
              <morph lemma="tail" MarkableID="markable_166">
                <word f="tail"/>
              </morph>
            </pos>
          </markable>
          <pos tag="cc" MarkableID="markable_167">
            <morph lemma="or" MarkableID="markable_167">
              <word f="or"/>
            </morph>
          </pos>
          <pos tag="nns" MarkableID="markable_168">
            <markable sentenceid="17" label="np" type="chunk" lemmata="whisker" isprenominal="false" pos="nns" MarkableID="markable_44">
              <morph lemma="whisker" MarkableID="markable_168">
                <word f="whiskers"/>
              </morph>
            </markable>
          </pos>
        </markable>
      </chunk>
      <pos tag="." MarkableID="markable_169">
        <morph lemma="!" MarkableID="markable_169">
          <word f="!"/>
        </morph>
      </pos>
    </parse>
  </sentence>
</discourse>
