<?xml version="1.0" encoding="ANSI_X3.4-1968"?>
<discourse>  <sentence orderid="0" MarkableID="markable_0">
    <parse tag="(ROOT (S (S (NP (DT This)) (VP (VBZ is) (NP (NP (DT a) (NNP Pussy)) (VP (VBN called) (S (NP (NNP Miss) (NNP Moppet))))))) (: ;) (S (NP (PRP she)) (VP (VBZ thinks) (SBAR (S (NP (PRP she)) (VP (VBZ has) (VP (VBN heard) (NP (DT a) (NN mouse)))))))) (. !)))" MarkableID="markable_0">
      <response enamex_type="np" coref_set="set_3" Gender="UNKNOWN" number="singular" sem_class="UNKNOWN" MarkableID="markable_12">
        <pos tag="dt" MarkableID="markable_0">
          <chunk tag="np" MarkableID="markable_0">
            <markable sentenceid="0" label="np" type="chunk" lemmata="this" isprenominal="false" pos="dt" MarkableID="markable_0">
              <morph lemma="this" MarkableID="markable_0">
                <word f="This"/>
              </morph>
            </markable>
          </chunk>
        </pos>
      </response>
      <pos tag="vbz" MarkableID="markable_1">
        <morph lemma="be" MarkableID="markable_1">
          <word f="is"/>
        </morph>
      </pos>
      <chunk tag="np" MarkableID="markable_1">
        <pos tag="dt" MarkableID="markable_2">
          <morph lemma="a" MarkableID="markable_2">
            <word f="a"/>
          </morph>
        </pos>
        <pos tag="nnp" MarkableID="markable_3">
          <enamex tag="location" MarkableID="markable_0">
            <markable sentenceid="0" label="location" type="enamex" lemmata="pussy" isprenominal="false" pos="nnp" MarkableID="markable_63">
              <morph lemma="pussy" MarkableID="markable_3">
                <word f="Pussy"/>
              </morph>
            </markable>
          </enamex>
        </pos>
      </chunk>
      <pos tag="vbn" MarkableID="markable_4">
        <morph lemma="call" MarkableID="markable_4">
          <word f="called"/>
        </morph>
      </pos>
      <response enamex_type="np" coref_set="set_0" Gender="FEMALE" number="singular" sem_class="FEMALE" MarkableID="markable_44">
        <chunk tag="np" MarkableID="markable_2">
          <markable sentenceid="0" label="np" type="chunk" lemmata="miss moppet" isprenominal="false" pos="nnp nnp" MarkableID="markable_1">
            <pos tag="nnp" MarkableID="markable_5">
              <morph lemma="miss" MarkableID="markable_5">
                <word f="Miss"/>
              </morph>
            </pos>
            <pos tag="nnp" MarkableID="markable_6">
              <morph lemma="moppet" MarkableID="markable_6">
                <word f="Moppet"/>
              </morph>
            </pos>
          </markable>
        </chunk>
      </response>
      <pos tag=":" MarkableID="markable_7">
        <morph lemma=";" MarkableID="markable_7">
          <word f=";"/>
        </morph>
      </pos>
      <response enamex_type="np" coref_set="set_0" Gender="FEMALE" dir_antecedent="markable_44" number="singular" sem_class="FEMALE" MarkableID="markable_0">
        <pos tag="prp" MarkableID="markable_8">
          <chunk tag="np" MarkableID="markable_3">
            <markable sentenceid="0" label="np" type="chunk" lemmata="she" isprenominal="false" pos="prp" MarkableID="markable_2">
              <morph lemma="she" MarkableID="markable_8">
                <word f="she"/>
              </morph>
            </markable>
          </chunk>
        </pos>
      </response>
      <pos tag="vbz" MarkableID="markable_9">
        <morph lemma="think" MarkableID="markable_9">
          <word f="thinks"/>
        </morph>
      </pos>
      <response enamex_type="np" coref_set="set_0" Gender="FEMALE" dir_antecedent="markable_0" number="singular" sem_class="FEMALE" MarkableID="markable_33">
        <pos tag="prp" MarkableID="markable_10">
          <chunk tag="np" MarkableID="markable_4">
            <markable sentenceid="0" label="np" type="chunk" lemmata="she" isprenominal="false" pos="prp" MarkableID="markable_3">
              <morph lemma="she" MarkableID="markable_10">
                <word f="she"/>
              </morph>
            </markable>
          </chunk>
        </pos>
      </response>
      <pos tag="vbz" MarkableID="markable_11">
        <morph lemma="have" MarkableID="markable_11">
          <word f="has"/>
        </morph>
      </pos>
      <pos tag="vbn" MarkableID="markable_12">
        <morph lemma="hear" MarkableID="markable_12">
          <word f="heard"/>
        </morph>
      </pos>
      <response enamex_type="np" coref_set="set_1" Gender="NEUTRAL" number="singular" sem_class="OBJECT" MarkableID="markable_56">
        <chunk tag="np" MarkableID="markable_5">
          <markable sentenceid="0" label="np" type="chunk" lemmata="a mouse" isprenominal="false" pos="dt nn" MarkableID="markable_4">
            <pos tag="dt" MarkableID="markable_13">
              <morph lemma="a" MarkableID="markable_13">
                <word f="a"/>
              </morph>
            </pos>
            <pos tag="nn" MarkableID="markable_14">
              <morph lemma="mouse" MarkableID="markable_14">
                <word f="mouse"/>
              </morph>
            </pos>
          </markable>
        </chunk>
      </response>
      <pos tag="." MarkableID="markable_15">
        <morph lemma="!" MarkableID="markable_15">
          <word f="!"/>
        </morph>
      </pos>
    </parse>
  </sentence>
  <sentence orderid="1" MarkableID="markable_1">
    <parse tag="(ROOT (S (NP (DT This)) (VP (VBZ is) (NP (DT the) (NNP Mouse) (S (VP (VP (VBG peeping) (PRT (RP out)) (PP (IN behind) (NP (DT the) (NN cupboard)))) (CC and) (VP (VBG making) (NP (NP (NN fun)) (PP (IN of) (NP (NNP Miss) (NNP Moppet))))))))) (. .)))" MarkableID="markable_1">
      <response enamex_type="np" coref_set="set_3" Gender="UNKNOWN" dir_antecedent="markable_12" number="singular" sem_class="UNKNOWN" MarkableID="markable_46">
        <pos tag="dt" MarkableID="markable_16">
          <chunk tag="np" MarkableID="markable_6">
            <markable sentenceid="1" label="np" type="chunk" lemmata="this" isprenominal="false" pos="dt" MarkableID="markable_5">
              <morph lemma="this" MarkableID="markable_16">
                <word f="This"/>
              </morph>
            </markable>
          </chunk>
        </pos>
      </response>
      <pos tag="vbz" MarkableID="markable_17">
        <morph lemma="be" MarkableID="markable_17">
          <word f="is"/>
        </morph>
      </pos>
      <pos tag="dt" MarkableID="markable_18">
        <morph lemma="the" MarkableID="markable_18">
          <word f="the"/>
        </morph>
      </pos>
      <pos tag="nnp" MarkableID="markable_19">
        <morph lemma="mouse" MarkableID="markable_19">
          <word f="Mouse"/>
        </morph>
      </pos>
      <pos tag="vbg" MarkableID="markable_20">
        <morph lemma="peep" MarkableID="markable_20">
          <word f="peeping"/>
        </morph>
      </pos>
      <pos tag="rp" MarkableID="markable_21">
        <morph lemma="out" MarkableID="markable_21">
          <word f="out"/>
        </morph>
      </pos>
      <pos tag="in" MarkableID="markable_22">
        <morph lemma="behind" MarkableID="markable_22">
          <word f="behind"/>
        </morph>
      </pos>
      <response enamex_type="np" coref_set="set_5" Gender="NEUTRAL" number="singular" sem_class="OBJECT" MarkableID="markable_37">
        <chunk tag="np" MarkableID="markable_7">
          <markable sentenceid="1" label="np" type="chunk" lemmata="the cupboard" isprenominal="false" pos="dt nn" MarkableID="markable_6">
            <pos tag="dt" MarkableID="markable_23">
              <morph lemma="the" MarkableID="markable_23">
                <word f="the"/>
              </morph>
            </pos>
            <pos tag="nn" MarkableID="markable_24">
              <morph lemma="cupboard" MarkableID="markable_24">
                <word f="cupboard"/>
              </morph>
            </pos>
          </markable>
        </chunk>
      </response>
      <pos tag="cc" MarkableID="markable_25">
        <morph lemma="and" MarkableID="markable_25">
          <word f="and"/>
        </morph>
      </pos>
      <pos tag="vbg" MarkableID="markable_26">
        <morph lemma="make" MarkableID="markable_26">
          <word f="making"/>
        </morph>
      </pos>
      <pos tag="nn" MarkableID="markable_27">
        <chunk tag="np" MarkableID="markable_8">
          <markable sentenceid="1" label="np" type="chunk" lemmata="fun" isprenominal="false" pos="nn" MarkableID="markable_7">
            <morph lemma="fun" MarkableID="markable_27">
              <word f="fun"/>
            </morph>
          </markable>
        </chunk>
      </pos>
      <pos tag="in" MarkableID="markable_28">
        <morph lemma="of" MarkableID="markable_28">
          <word f="of"/>
        </morph>
      </pos>
      <response enamex_type="np" coref_set="set_0" Gender="FEMALE" dir_antecedent="markable_33" number="singular" sem_class="FEMALE" MarkableID="markable_13">
        <chunk tag="np" MarkableID="markable_9">
          <markable sentenceid="1" label="np" type="chunk" lemmata="miss moppet" isprenominal="false" pos="nnp nnp" MarkableID="markable_8">
            <pos tag="nnp" MarkableID="markable_29">
              <morph lemma="miss" MarkableID="markable_29">
                <word f="Miss"/>
              </morph>
            </pos>
            <pos tag="nnp" MarkableID="markable_30">
              <morph lemma="moppet" MarkableID="markable_30">
                <word f="Moppet"/>
              </morph>
            </pos>
          </markable>
        </chunk>
      </response>
      <pos tag="." MarkableID="markable_31">
        <morph lemma="." MarkableID="markable_31">
          <word f="."/>
        </morph>
      </pos>
    </parse>
  </sentence>
  <sentence orderid="2" MarkableID="markable_2">
    <parse tag="(ROOT (S (NP (PRP He)) (VP (VBZ is) (RB not) (ADJP (JJ afraid) (PP (IN of) (NP (DT a) (NN kitten))))) (. .)))" MarkableID="markable_2">
      <response enamex_type="np" coref_set="set_2" Gender="MALE" number="singular" sem_class="MALE" MarkableID="markable_19">
        <pos tag="prp" MarkableID="markable_32">
          <chunk tag="np" MarkableID="markable_10">
            <markable sentenceid="2" label="np" type="chunk" lemmata="he" isprenominal="false" pos="prp" MarkableID="markable_9">
              <morph lemma="he" MarkableID="markable_32">
                <word f="He"/>
              </morph>
            </markable>
          </chunk>
        </pos>
      </response>
      <pos tag="vbz" MarkableID="markable_33">
        <morph lemma="be" MarkableID="markable_33">
          <word f="is"/>
        </morph>
      </pos>
      <pos tag="rb" MarkableID="markable_34">
        <morph lemma="not" MarkableID="markable_34">
          <word f="not"/>
        </morph>
      </pos>
      <pos tag="jj" MarkableID="markable_35">
        <morph lemma="afraid" MarkableID="markable_35">
          <word f="afraid"/>
        </morph>
      </pos>
      <pos tag="in" MarkableID="markable_36">
        <morph lemma="of" MarkableID="markable_36">
          <word f="of"/>
        </morph>
      </pos>
      <chunk tag="np" MarkableID="markable_11">
        <markable sentenceid="2" label="np" type="chunk" lemmata="a kitten" isprenominal="false" pos="dt nn" MarkableID="markable_10">
          <pos tag="dt" MarkableID="markable_37">
            <morph lemma="a" MarkableID="markable_37">
              <word f="a"/>
            </morph>
          </pos>
          <pos tag="nn" MarkableID="markable_38">
            <morph lemma="kitten" MarkableID="markable_38">
              <word f="kitten"/>
            </morph>
          </pos>
        </markable>
      </chunk>
      <pos tag="." MarkableID="markable_39">
        <morph lemma="." MarkableID="markable_39">
          <word f="."/>
        </morph>
      </pos>
    </parse>
  </sentence>
  <sentence orderid="3" MarkableID="markable_3">
    <parse tag="(ROOT (S (S (NP (DT This)) (VP (VBZ is) (S (NP (NNP Miss) (NNP Moppet)) (VP (VBG jumping) (ADVP (RB just)) (ADVP (RB too) (JJ late)))))) (: ;) (S (NP (PRP she)) (VP (VP (VBZ misses) (NP (DT the) (NNP Mouse))) (CC and) (VP (VBZ hits) (NP (PRP$ her) (JJ own) (NN head))))) (. .)))" MarkableID="markable_3">
      <response enamex_type="np" coref_set="set_3" Gender="UNKNOWN" dir_antecedent="markable_46" number="singular" sem_class="UNKNOWN" MarkableID="markable_32">
        <pos tag="dt" MarkableID="markable_40">
          <chunk tag="np" MarkableID="markable_12">
            <markable sentenceid="3" label="np" type="chunk" lemmata="this" isprenominal="false" pos="dt" MarkableID="markable_11">
              <morph lemma="this" MarkableID="markable_40">
                <word f="This"/>
              </morph>
            </markable>
          </chunk>
        </pos>
      </response>
      <pos tag="vbz" MarkableID="markable_41">
        <morph lemma="be" MarkableID="markable_41">
          <word f="is"/>
        </morph>
      </pos>
      <response enamex_type="organization" coref_set="set_0" Gender="FEMALE" dir_antecedent="markable_13" number="singular" sem_class="ORGANIZATION" MarkableID="markable_30">
        <chunk tag="np" MarkableID="markable_13">
          <enamex tag="organization" MarkableID="markable_1">
            <markable sentenceid="3" label="organization" type="enamex" lemmata="miss moppet" isprenominal="false" pos="nnp nnp" MarkableID="markable_64">
              <pos tag="nnp" MarkableID="markable_42">
                <morph lemma="miss" MarkableID="markable_42">
                  <word f="Miss"/>
                </morph>
              </pos>
              <pos tag="nnp" MarkableID="markable_43">
                <morph lemma="moppet" MarkableID="markable_43">
                  <word f="Moppet"/>
                </morph>
              </pos>
            </markable>
          </enamex>
        </chunk>
      </response>
      <pos tag="vbg" MarkableID="markable_44">
        <morph lemma="jump" MarkableID="markable_44">
          <word f="jumping"/>
        </morph>
      </pos>
      <pos tag="rb" MarkableID="markable_45">
        <morph lemma="just" MarkableID="markable_45">
          <word f="just"/>
        </morph>
      </pos>
      <pos tag="rb" MarkableID="markable_46">
        <morph lemma="too" MarkableID="markable_46">
          <word f="too"/>
        </morph>
      </pos>
      <pos tag="jj" MarkableID="markable_47">
        <morph lemma="late" MarkableID="markable_47">
          <word f="late"/>
        </morph>
      </pos>
      <pos tag=":" MarkableID="markable_48">
        <morph lemma=";" MarkableID="markable_48">
          <word f=";"/>
        </morph>
      </pos>
      <response enamex_type="np" coref_set="set_0" Gender="FEMALE" dir_antecedent="markable_30" number="singular" sem_class="FEMALE" MarkableID="markable_31">
        <pos tag="prp" MarkableID="markable_49">
          <chunk tag="np" MarkableID="markable_14">
            <markable sentenceid="3" label="np" type="chunk" lemmata="she" isprenominal="false" pos="prp" MarkableID="markable_12">
              <morph lemma="she" MarkableID="markable_49">
                <word f="she"/>
              </morph>
            </markable>
          </chunk>
        </pos>
      </response>
      <pos tag="vbz" MarkableID="markable_50">
        <morph lemma="miss" MarkableID="markable_50">
          <word f="misses"/>
        </morph>
      </pos>
      <response enamex_type="np" coref_set="set_1" Gender="NEUTRAL" dir_antecedent="markable_56" number="singular" sem_class="OBJECT" MarkableID="markable_50">
        <chunk tag="np" MarkableID="markable_15">
          <markable sentenceid="3" label="np" type="chunk" lemmata="the mouse" isprenominal="false" pos="dt nnp" MarkableID="markable_13">
            <pos tag="dt" MarkableID="markable_51">
              <morph lemma="the" MarkableID="markable_51">
                <word f="the"/>
              </morph>
            </pos>
            <pos tag="nnp" MarkableID="markable_52">
              <morph lemma="mouse" MarkableID="markable_52">
                <word f="Mouse"/>
              </morph>
            </pos>
          </markable>
        </chunk>
      </response>
      <pos tag="cc" MarkableID="markable_53">
        <morph lemma="and" MarkableID="markable_53">
          <word f="and"/>
        </morph>
      </pos>
      <pos tag="vbz" MarkableID="markable_54">
        <morph lemma="hit" MarkableID="markable_54">
          <word f="hits"/>
        </morph>
      </pos>
      <chunk tag="np" MarkableID="markable_16">
        <markable sentenceid="3" label="np" type="chunk" lemmata="she own head" isprenominal="false" pos="prp$ jj nn" MarkableID="markable_14">
          <response enamex_type="np" coref_set="set_0" Gender="FEMALE" dir_antecedent="markable_31" number="singular" sem_class="FEMALE" MarkableID="markable_43">
            <pos tag="prp$" MarkableID="markable_55">
              <markable sentenceid="3" label="np" type="chunk" lemmata="she" isprenominal="true" pos="prp$" MarkableID="markable_69">
                <morph lemma="she" MarkableID="markable_55">
                  <word f="her"/>
                </morph>
              </markable>
            </pos>
          </response>
          <pos tag="jj" MarkableID="markable_56">
            <morph lemma="own" MarkableID="markable_56">
              <word f="own"/>
            </morph>
          </pos>
          <pos tag="nn" MarkableID="markable_57">
            <morph lemma="head" MarkableID="markable_57">
              <word f="head"/>
            </morph>
          </pos>
        </markable>
      </chunk>
      <pos tag="." MarkableID="markable_58">
        <morph lemma="." MarkableID="markable_58">
          <word f="."/>
        </morph>
      </pos>
    </parse>
  </sentence>
  <sentence orderid="4" MarkableID="markable_4">
    <parse tag="(ROOT (S (NP (PRP She)) (VP (VBZ thinks) (SBAR (S (NP (PRP it)) (VP (VBZ is) (NP (DT a) (ADJP (RB very) (JJ hard)) (NN cupboard)))))) (. !)))" MarkableID="markable_4">
      <response enamex_type="np" coref_set="set_0" Gender="FEMALE" dir_antecedent="markable_43" number="singular" sem_class="FEMALE" MarkableID="markable_41">
        <pos tag="prp" MarkableID="markable_59">
          <chunk tag="np" MarkableID="markable_17">
            <markable sentenceid="4" label="np" type="chunk" lemmata="she" isprenominal="false" pos="prp" MarkableID="markable_15">
              <morph lemma="she" MarkableID="markable_59">
                <word f="She"/>
              </morph>
            </markable>
          </chunk>
        </pos>
      </response>
      <pos tag="vbz" MarkableID="markable_60">
        <morph lemma="think" MarkableID="markable_60">
          <word f="thinks"/>
        </morph>
      </pos>
      <response enamex_type="np" coref_set="set_6" Gender="NEUTRAL" number="singular" sem_class="UNKNOWN" MarkableID="markable_18">
        <pos tag="prp" MarkableID="markable_61">
          <chunk tag="np" MarkableID="markable_18">
            <markable sentenceid="4" label="np" type="chunk" lemmata="it" isprenominal="false" pos="prp" MarkableID="markable_16">
              <morph lemma="it" MarkableID="markable_61">
                <word f="it"/>
              </morph>
            </markable>
          </chunk>
        </pos>
      </response>
      <pos tag="vbz" MarkableID="markable_62">
        <morph lemma="be" MarkableID="markable_62">
          <word f="is"/>
        </morph>
      </pos>
      <chunk tag="np" MarkableID="markable_19">
        <markable sentenceid="4" label="np" type="chunk" lemmata="a very hard cupboard" isprenominal="false" pos="dt rb jj nn" MarkableID="markable_17">
          <pos tag="dt" MarkableID="markable_63">
            <morph lemma="a" MarkableID="markable_63">
              <word f="a"/>
            </morph>
          </pos>
          <pos tag="rb" MarkableID="markable_64">
            <morph lemma="very" MarkableID="markable_64">
              <word f="very"/>
            </morph>
          </pos>
          <pos tag="jj" MarkableID="markable_65">
            <morph lemma="hard" MarkableID="markable_65">
              <word f="hard"/>
            </morph>
          </pos>
          <pos tag="nn" MarkableID="markable_66">
            <morph lemma="cupboard" MarkableID="markable_66">
              <word f="cupboard"/>
            </morph>
          </pos>
        </markable>
      </chunk>
      <pos tag="." MarkableID="markable_67">
        <morph lemma="!" MarkableID="markable_67">
          <word f="!"/>
        </morph>
      </pos>
    </parse>
  </sentence>
  <sentence orderid="5" MarkableID="markable_5">
    <parse tag="(ROOT (S (NP (DT The) (NN Mouse)) (VP (VBZ watches) (NP (NNP Miss) (NNP Moppet)) (PP (IN from) (NP (NP (DT the) (NN top)) (PP (IN of) (NP (DT the) (NN cupboard)))))) (. .)))" MarkableID="markable_5">
      <chunk tag="np" MarkableID="markable_20">
        <pos tag="dt" MarkableID="markable_68">
          <morph lemma="the" MarkableID="markable_68">
            <word f="The"/>
          </morph>
        </pos>
        <response enamex_type="organization" coref_set="set_1" Gender="NEUTRAL" dir_antecedent="markable_50" number="singular" sem_class="ORGANIZATION" MarkableID="markable_5">
          <pos tag="nn" MarkableID="markable_69">
            <enamex tag="organization" MarkableID="markable_2">
              <markable sentenceid="5" label="organization" type="enamex" lemmata="mouse" isprenominal="false" pos="nn" MarkableID="markable_65">
                <morph lemma="mouse" MarkableID="markable_69">
                  <word f="Mouse"/>
                </morph>
              </markable>
            </enamex>
          </pos>
        </response>
      </chunk>
      <pos tag="vbz" MarkableID="markable_70">
        <morph lemma="watch" MarkableID="markable_70">
          <word f="watches"/>
        </morph>
      </pos>
      <response enamex_type="np" coref_set="set_0" Gender="FEMALE" dir_antecedent="markable_41" number="singular" sem_class="FEMALE" MarkableID="markable_55">
        <chunk tag="np" MarkableID="markable_21">
          <markable sentenceid="5" label="np" type="chunk" lemmata="miss moppet" isprenominal="false" pos="nnp nnp" MarkableID="markable_18">
            <pos tag="nnp" MarkableID="markable_71">
              <morph lemma="miss" MarkableID="markable_71">
                <word f="Miss"/>
              </morph>
            </pos>
            <pos tag="nnp" MarkableID="markable_72">
              <morph lemma="moppet" MarkableID="markable_72">
                <word f="Moppet"/>
              </morph>
            </pos>
          </markable>
        </chunk>
      </response>
      <pos tag="in" MarkableID="markable_73">
        <morph lemma="from" MarkableID="markable_73">
          <word f="from"/>
        </morph>
      </pos>
      <response enamex_type="np" coref_set="set_8" Gender="NEUTRAL" number="singular" sem_class="LOCATION" MarkableID="markable_47">
        <chunk tag="np" MarkableID="markable_22">
          <markable sentenceid="5" label="np" type="chunk" lemmata="the top" isprenominal="false" pos="dt nn" MarkableID="markable_19">
            <pos tag="dt" MarkableID="markable_74">
              <morph lemma="the" MarkableID="markable_74">
                <word f="the"/>
              </morph>
            </pos>
            <pos tag="nn" MarkableID="markable_75">
              <morph lemma="top" MarkableID="markable_75">
                <word f="top"/>
              </morph>
            </pos>
          </markable>
        </chunk>
      </response>
      <pos tag="in" MarkableID="markable_76">
        <morph lemma="of" MarkableID="markable_76">
          <word f="of"/>
        </morph>
      </pos>
      <response enamex_type="np" coref_set="set_5" Gender="NEUTRAL" dir_antecedent="markable_37" number="singular" sem_class="OBJECT" MarkableID="markable_15">
        <chunk tag="np" MarkableID="markable_23">
          <markable sentenceid="5" label="np" type="chunk" lemmata="the cupboard" isprenominal="false" pos="dt nn" MarkableID="markable_20">
            <pos tag="dt" MarkableID="markable_77">
              <morph lemma="the" MarkableID="markable_77">
                <word f="the"/>
              </morph>
            </pos>
            <pos tag="nn" MarkableID="markable_78">
              <morph lemma="cupboard" MarkableID="markable_78">
                <word f="cupboard"/>
              </morph>
            </pos>
          </markable>
        </chunk>
      </response>
      <pos tag="." MarkableID="markable_79">
        <morph lemma="." MarkableID="markable_79">
          <word f="."/>
        </morph>
      </pos>
    </parse>
  </sentence>
  <sentence orderid="6" MarkableID="markable_6">
    <parse tag="(ROOT (S (NP (NNP Miss) (NNP Moppet)) (VP (VP (VBZ ties) (PRT (RP up)) (NP (PRP$ her) (NN head)) (PP (IN in) (NP (DT a) (NN duster)))) (CC and) (VP (VBZ sits) (PP (IN before) (NP (DT the) (NN fire))))) (. .)))" MarkableID="markable_6">
      <response enamex_type="np" coref_set="set_0" Gender="FEMALE" dir_antecedent="markable_55" number="singular" sem_class="FEMALE" MarkableID="markable_53">
        <chunk tag="np" MarkableID="markable_24">
          <markable sentenceid="6" label="np" type="chunk" lemmata="miss moppet" isprenominal="false" pos="nnp nnp" MarkableID="markable_21">
            <pos tag="nnp" MarkableID="markable_80">
              <morph lemma="miss" MarkableID="markable_80">
                <word f="Miss"/>
              </morph>
            </pos>
            <pos tag="nnp" MarkableID="markable_81">
              <morph lemma="moppet" MarkableID="markable_81">
                <word f="Moppet"/>
              </morph>
            </pos>
          </markable>
        </chunk>
      </response>
      <pos tag="vbz" MarkableID="markable_82">
        <morph lemma="tie" MarkableID="markable_82">
          <word f="ties"/>
        </morph>
      </pos>
      <pos tag="rp" MarkableID="markable_83">
        <morph lemma="up" MarkableID="markable_83">
          <word f="up"/>
        </morph>
      </pos>
      <chunk tag="np" MarkableID="markable_25">
        <markable sentenceid="6" label="np" type="chunk" lemmata="she head" isprenominal="false" pos="prp$ nn" MarkableID="markable_22">
          <response enamex_type="np" coref_set="set_0" Gender="FEMALE" dir_antecedent="markable_53" number="singular" sem_class="FEMALE" MarkableID="markable_52">
            <pos tag="prp$" MarkableID="markable_84">
              <markable sentenceid="6" label="np" type="chunk" lemmata="she" isprenominal="true" pos="prp$" MarkableID="markable_70">
                <morph lemma="she" MarkableID="markable_84">
                  <word f="her"/>
                </morph>
              </markable>
            </pos>
          </response>
          <pos tag="nn" MarkableID="markable_85">
            <morph lemma="head" MarkableID="markable_85">
              <word f="head"/>
            </morph>
          </pos>
        </markable>
      </chunk>
      <pos tag="in" MarkableID="markable_86">
        <morph lemma="in" MarkableID="markable_86">
          <word f="in"/>
        </morph>
      </pos>
      <response enamex_type="np" coref_set="set_4" Gender="UNKNOWN" number="singular" sem_class="UNKNOWN" MarkableID="markable_36">
        <chunk tag="np" MarkableID="markable_26">
          <markable sentenceid="6" label="np" type="chunk" lemmata="a duster" isprenominal="false" pos="dt nn" MarkableID="markable_23">
            <pos tag="dt" MarkableID="markable_87">
              <morph lemma="a" MarkableID="markable_87">
                <word f="a"/>
              </morph>
            </pos>
            <pos tag="nn" MarkableID="markable_88">
              <morph lemma="duster" MarkableID="markable_88">
                <word f="duster"/>
              </morph>
            </pos>
          </markable>
        </chunk>
      </response>
      <pos tag="cc" MarkableID="markable_89">
        <morph lemma="and" MarkableID="markable_89">
          <word f="and"/>
        </morph>
      </pos>
      <pos tag="vbz" MarkableID="markable_90">
        <morph lemma="sit" MarkableID="markable_90">
          <word f="sits"/>
        </morph>
      </pos>
      <pos tag="in" MarkableID="markable_91">
        <morph lemma="before" MarkableID="markable_91">
          <word f="before"/>
        </morph>
      </pos>
      <chunk tag="np" MarkableID="markable_27">
        <markable sentenceid="6" label="np" type="chunk" lemmata="the fire" isprenominal="false" pos="dt nn" MarkableID="markable_24">
          <pos tag="dt" MarkableID="markable_92">
            <morph lemma="the" MarkableID="markable_92">
              <word f="the"/>
            </morph>
          </pos>
          <pos tag="nn" MarkableID="markable_93">
            <morph lemma="fire" MarkableID="markable_93">
              <word f="fire"/>
            </morph>
          </pos>
        </markable>
      </chunk>
      <pos tag="." MarkableID="markable_94">
        <morph lemma="." MarkableID="markable_94">
          <word f="."/>
        </morph>
      </pos>
    </parse>
  </sentence>
  <sentence orderid="7" MarkableID="markable_7">
    <parse tag="(ROOT (S (NP (DT The) (NN Mouse)) (VP (VBZ thinks) (SBAR (S (NP (PRP she)) (VP (VBZ is) (VP (VBG looking) (ADVP (RB very) (RB ill))))))) (. .)))" MarkableID="markable_7">
      <chunk tag="np" MarkableID="markable_28">
        <pos tag="dt" MarkableID="markable_95">
          <morph lemma="the" MarkableID="markable_95">
            <word f="The"/>
          </morph>
        </pos>
        <response enamex_type="organization" coref_set="set_1" Gender="NEUTRAL" dir_antecedent="markable_5" number="singular" sem_class="ORGANIZATION" MarkableID="markable_39">
          <pos tag="nn" MarkableID="markable_96">
            <enamex tag="organization" MarkableID="markable_3">
              <markable sentenceid="7" label="organization" type="enamex" lemmata="mouse" isprenominal="false" pos="nn" MarkableID="markable_66">
                <morph lemma="mouse" MarkableID="markable_96">
                  <word f="Mouse"/>
                </morph>
              </markable>
            </enamex>
          </pos>
        </response>
      </chunk>
      <pos tag="vbz" MarkableID="markable_97">
        <morph lemma="think" MarkableID="markable_97">
          <word f="thinks"/>
        </morph>
      </pos>
      <response enamex_type="np" coref_set="set_0" Gender="FEMALE" dir_antecedent="markable_52" number="singular" sem_class="FEMALE" MarkableID="markable_24">
        <pos tag="prp" MarkableID="markable_98">
          <chunk tag="np" MarkableID="markable_29">
            <markable sentenceid="7" label="np" type="chunk" lemmata="she" isprenominal="false" pos="prp" MarkableID="markable_25">
              <morph lemma="she" MarkableID="markable_98">
                <word f="she"/>
              </morph>
            </markable>
          </chunk>
        </pos>
      </response>
      <pos tag="vbz" MarkableID="markable_99">
        <morph lemma="be" MarkableID="markable_99">
          <word f="is"/>
        </morph>
      </pos>
      <pos tag="vbg" MarkableID="markable_100">
        <morph lemma="look" MarkableID="markable_100">
          <word f="looking"/>
        </morph>
      </pos>
      <pos tag="rb" MarkableID="markable_101">
        <morph lemma="very" MarkableID="markable_101">
          <word f="very"/>
        </morph>
      </pos>
      <pos tag="rb" MarkableID="markable_102">
        <morph lemma="ill" MarkableID="markable_102">
          <word f="ill"/>
        </morph>
      </pos>
      <pos tag="." MarkableID="markable_103">
        <morph lemma="." MarkableID="markable_103">
          <word f="."/>
        </morph>
      </pos>
    </parse>
  </sentence>
  <sentence orderid="8" MarkableID="markable_8">
    <parse tag="(ROOT (S (NP (PRP He)) (VP (VBZ comes) (S (VP (VBG sliding) (PP (IN down) (NP (DT the) (NN bellpull)))))) (. .)))" MarkableID="markable_8">
      <response enamex_type="np" coref_set="set_2" Gender="MALE" dir_antecedent="markable_19" number="singular" sem_class="MALE" MarkableID="markable_49">
        <pos tag="prp" MarkableID="markable_104">
          <chunk tag="np" MarkableID="markable_30">
            <markable sentenceid="8" label="np" type="chunk" lemmata="he" isprenominal="false" pos="prp" MarkableID="markable_26">
              <morph lemma="he" MarkableID="markable_104">
                <word f="He"/>
              </morph>
            </markable>
          </chunk>
        </pos>
      </response>
      <pos tag="vbz" MarkableID="markable_105">
        <morph lemma="come" MarkableID="markable_105">
          <word f="comes"/>
        </morph>
      </pos>
      <pos tag="vbg" MarkableID="markable_106">
        <morph lemma="slide" MarkableID="markable_106">
          <word f="sliding"/>
        </morph>
      </pos>
      <pos tag="in" MarkableID="markable_107">
        <morph lemma="down" MarkableID="markable_107">
          <word f="down"/>
        </morph>
      </pos>
      <chunk tag="np" MarkableID="markable_31">
        <markable sentenceid="8" label="np" type="chunk" lemmata="the bellpull" isprenominal="false" pos="dt nn" MarkableID="markable_27">
          <pos tag="dt" MarkableID="markable_108">
            <morph lemma="the" MarkableID="markable_108">
              <word f="the"/>
            </morph>
          </pos>
          <pos tag="nn" MarkableID="markable_109">
            <morph lemma="bellpull" MarkableID="markable_109">
              <word f="bellpull"/>
            </morph>
          </pos>
        </markable>
      </chunk>
      <pos tag="." MarkableID="markable_110">
        <morph lemma="." MarkableID="markable_110">
          <word f="."/>
        </morph>
      </pos>
    </parse>
  </sentence>
  <sentence orderid="9" MarkableID="markable_9">
    <parse tag="(ROOT (S (NP (NNP Miss) (NNP Moppet)) (VP (VBZ looks) (ADJP (ADJP (JJR worse)) (CC and) (ADJP (JJR worse)))) (. .)))" MarkableID="markable_9">
      <response enamex_type="np" coref_set="set_0" Gender="FEMALE" dir_antecedent="markable_53" number="singular" sem_class="FEMALE" MarkableID="markable_48">
        <chunk tag="np" MarkableID="markable_32">
          <markable sentenceid="9" label="np" type="chunk" lemmata="miss moppet" isprenominal="false" pos="nnp nnp" MarkableID="markable_28">
            <pos tag="nnp" MarkableID="markable_111">
              <morph lemma="miss" MarkableID="markable_111">
                <word f="Miss"/>
              </morph>
            </pos>
            <pos tag="nnp" MarkableID="markable_112">
              <morph lemma="moppet" MarkableID="markable_112">
                <word f="Moppet"/>
              </morph>
            </pos>
          </markable>
        </chunk>
      </response>
      <pos tag="vbz" MarkableID="markable_113">
        <morph lemma="look" MarkableID="markable_113">
          <word f="looks"/>
        </morph>
      </pos>
      <pos tag="jjr" MarkableID="markable_114">
        <morph lemma="worse" MarkableID="markable_114">
          <word f="worse"/>
        </morph>
      </pos>
      <pos tag="cc" MarkableID="markable_115">
        <morph lemma="and" MarkableID="markable_115">
          <word f="and"/>
        </morph>
      </pos>
      <pos tag="jjr" MarkableID="markable_116">
        <morph lemma="worse" MarkableID="markable_116">
          <word f="worse"/>
        </morph>
      </pos>
      <pos tag="." MarkableID="markable_117">
        <morph lemma="." MarkableID="markable_117">
          <word f="."/>
        </morph>
      </pos>
    </parse>
  </sentence>
  <sentence orderid="10" MarkableID="markable_10">
    <parse tag="(ROOT (S (NP (DT The) (NN Mouse)) (VP (VBZ comes) (NP (DT a) (JJ little) (NN nearer))) (. .)))" MarkableID="markable_10">
      <chunk tag="np" MarkableID="markable_33">
        <pos tag="dt" MarkableID="markable_118">
          <morph lemma="the" MarkableID="markable_118">
            <word f="The"/>
          </morph>
        </pos>
        <response enamex_type="organization" coref_set="set_1" Gender="NEUTRAL" dir_antecedent="markable_39" number="singular" sem_class="ORGANIZATION" MarkableID="markable_27">
          <pos tag="nn" MarkableID="markable_119">
            <enamex tag="organization" MarkableID="markable_4">
              <markable sentenceid="10" label="organization" type="enamex" lemmata="mouse" isprenominal="false" pos="nn" MarkableID="markable_67">
                <morph lemma="mouse" MarkableID="markable_119">
                  <word f="Mouse"/>
                </morph>
              </markable>
            </enamex>
          </pos>
        </response>
      </chunk>
      <pos tag="vbz" MarkableID="markable_120">
        <morph lemma="come" MarkableID="markable_120">
          <word f="comes"/>
        </morph>
      </pos>
      <chunk tag="np" MarkableID="markable_34">
        <markable sentenceid="10" label="np" type="chunk" lemmata="a little nearer" isprenominal="false" pos="dt jj nn" MarkableID="markable_29">
          <pos tag="dt" MarkableID="markable_121">
            <morph lemma="a" MarkableID="markable_121">
              <word f="a"/>
            </morph>
          </pos>
          <pos tag="jj" MarkableID="markable_122">
            <morph lemma="little" MarkableID="markable_122">
              <word f="little"/>
            </morph>
          </pos>
          <pos tag="nn" MarkableID="markable_123">
            <morph lemma="nearer" MarkableID="markable_123">
              <word f="nearer"/>
            </morph>
          </pos>
        </markable>
      </chunk>
      <pos tag="." MarkableID="markable_124">
        <morph lemma="." MarkableID="markable_124">
          <word f="."/>
        </morph>
      </pos>
    </parse>
  </sentence>
  <sentence orderid="11" MarkableID="markable_11">
    <parse tag="(ROOT (S (NP (NNP Miss) (NNP Moppet)) (VP (VP (VBZ holds) (NP (NP (PRP$ her) (JJ poor) (NN head)) (PP (IN in) (NP (PRP$ her) (NNS paws))))) (CC and) (VP (VBZ looks) (PP (IN at) (NP (PRP him))) (PP (IN through) (NP (NP (DT a) (NN hole)) (PP (IN in) (NP (DT the) (NN duster))))))) (. .)))" MarkableID="markable_11">
      <response enamex_type="np" coref_set="set_0" Gender="FEMALE" dir_antecedent="markable_48" number="singular" sem_class="FEMALE" MarkableID="markable_45">
        <chunk tag="np" MarkableID="markable_35">
          <markable sentenceid="11" label="np" type="chunk" lemmata="miss moppet" isprenominal="false" pos="nnp nnp" MarkableID="markable_30">
            <pos tag="nnp" MarkableID="markable_125">
              <morph lemma="miss" MarkableID="markable_125">
                <word f="Miss"/>
              </morph>
            </pos>
            <pos tag="nnp" MarkableID="markable_126">
              <morph lemma="moppet" MarkableID="markable_126">
                <word f="Moppet"/>
              </morph>
            </pos>
          </markable>
        </chunk>
      </response>
      <pos tag="vbz" MarkableID="markable_127">
        <morph lemma="hold" MarkableID="markable_127">
          <word f="holds"/>
        </morph>
      </pos>
      <chunk tag="np" MarkableID="markable_36">
        <markable sentenceid="11" label="np" type="chunk" lemmata="she poor head" isprenominal="false" pos="prp$ jj nn" MarkableID="markable_31">
          <response enamex_type="np" coref_set="set_0" Gender="FEMALE" dir_antecedent="markable_45" number="singular" sem_class="FEMALE" MarkableID="markable_10">
            <pos tag="prp$" MarkableID="markable_128">
              <markable sentenceid="11" label="np" type="chunk" lemmata="she" isprenominal="true" pos="prp$" MarkableID="markable_71">
                <morph lemma="she" MarkableID="markable_128">
                  <word f="her"/>
                </morph>
              </markable>
            </pos>
          </response>
          <pos tag="jj" MarkableID="markable_129">
            <morph lemma="poor" MarkableID="markable_129">
              <word f="poor"/>
            </morph>
          </pos>
          <pos tag="nn" MarkableID="markable_130">
            <morph lemma="head" MarkableID="markable_130">
              <word f="head"/>
            </morph>
          </pos>
        </markable>
      </chunk>
      <pos tag="in" MarkableID="markable_131">
        <morph lemma="in" MarkableID="markable_131">
          <word f="in"/>
        </morph>
      </pos>
      <chunk tag="np" MarkableID="markable_37">
        <markable sentenceid="11" label="np" type="chunk" lemmata="she paw" isprenominal="false" pos="prp$ nns" MarkableID="markable_32">
          <response enamex_type="np" coref_set="set_0" Gender="FEMALE" dir_antecedent="markable_10" number="singular" sem_class="FEMALE" MarkableID="markable_3">
            <pos tag="prp$" MarkableID="markable_132">
              <markable sentenceid="11" label="np" type="chunk" lemmata="she" isprenominal="true" pos="prp$" MarkableID="markable_72">
                <morph lemma="she" MarkableID="markable_132">
                  <word f="her"/>
                </morph>
              </markable>
            </pos>
          </response>
          <pos tag="nns" MarkableID="markable_133">
            <morph lemma="paw" MarkableID="markable_133">
              <word f="paws"/>
            </morph>
          </pos>
        </markable>
      </chunk>
      <pos tag="cc" MarkableID="markable_134">
        <morph lemma="and" MarkableID="markable_134">
          <word f="and"/>
        </morph>
      </pos>
      <pos tag="vbz" MarkableID="markable_135">
        <morph lemma="look" MarkableID="markable_135">
          <word f="looks"/>
        </morph>
      </pos>
      <pos tag="in" MarkableID="markable_136">
        <morph lemma="at" MarkableID="markable_136">
          <word f="at"/>
        </morph>
      </pos>
      <response enamex_type="np" coref_set="set_2" Gender="MALE" dir_antecedent="markable_49" number="singular" sem_class="MALE" MarkableID="markable_25">
        <pos tag="prp" MarkableID="markable_137">
          <chunk tag="np" MarkableID="markable_38">
            <markable sentenceid="11" label="np" type="chunk" lemmata="he" isprenominal="false" pos="prp" MarkableID="markable_33">
              <morph lemma="he" MarkableID="markable_137">
                <word f="him"/>
              </morph>
            </markable>
          </chunk>
        </pos>
      </response>
      <pos tag="in" MarkableID="markable_138">
        <morph lemma="through" MarkableID="markable_138">
          <word f="through"/>
        </morph>
      </pos>
      <response enamex_type="np" coref_set="set_7" Gender="UNKNOWN" number="singular" sem_class="UNKNOWN" MarkableID="markable_23">
        <chunk tag="np" MarkableID="markable_39">
          <markable sentenceid="11" label="np" type="chunk" lemmata="a hole" isprenominal="false" pos="dt nn" MarkableID="markable_34">
            <pos tag="dt" MarkableID="markable_139">
              <morph lemma="a" MarkableID="markable_139">
                <word f="a"/>
              </morph>
            </pos>
            <pos tag="nn" MarkableID="markable_140">
              <morph lemma="hole" MarkableID="markable_140">
                <word f="hole"/>
              </morph>
            </pos>
          </markable>
        </chunk>
      </response>
      <pos tag="in" MarkableID="markable_141">
        <morph lemma="in" MarkableID="markable_141">
          <word f="in"/>
        </morph>
      </pos>
      <response enamex_type="np" coref_set="set_4" Gender="UNKNOWN" dir_antecedent="markable_36" number="singular" sem_class="UNKNOWN" MarkableID="markable_42">
        <chunk tag="np" MarkableID="markable_40">
          <markable sentenceid="11" label="np" type="chunk" lemmata="the duster" isprenominal="false" pos="dt nn" MarkableID="markable_35">
            <pos tag="dt" MarkableID="markable_142">
              <morph lemma="the" MarkableID="markable_142">
                <word f="the"/>
              </morph>
            </pos>
            <pos tag="nn" MarkableID="markable_143">
              <morph lemma="duster" MarkableID="markable_143">
                <word f="duster"/>
              </morph>
            </pos>
          </markable>
        </chunk>
      </response>
      <pos tag="." MarkableID="markable_144">
        <morph lemma="." MarkableID="markable_144">
          <word f="."/>
        </morph>
      </pos>
    </parse>
  </sentence>
  <sentence orderid="12" MarkableID="markable_12">
    <parse tag="(ROOT (S (NP (DT The) (NN Mouse)) (VP (VBZ comes) (S (VP (NNP VERY) (PRT (RB close))))) (. .)))" MarkableID="markable_12">
      <chunk tag="np" MarkableID="markable_41">
        <pos tag="dt" MarkableID="markable_145">
          <morph lemma="the" MarkableID="markable_145">
            <word f="The"/>
          </morph>
        </pos>
        <response enamex_type="organization" coref_set="set_1" Gender="NEUTRAL" dir_antecedent="markable_27" number="singular" sem_class="ORGANIZATION" MarkableID="markable_6">
          <pos tag="nn" MarkableID="markable_146">
            <enamex tag="organization" MarkableID="markable_5">
              <markable sentenceid="12" label="organization" type="enamex" lemmata="mouse" isprenominal="false" pos="nn" MarkableID="markable_68">
                <morph lemma="mouse" MarkableID="markable_146">
                  <word f="Mouse"/>
                </morph>
              </markable>
            </enamex>
          </pos>
        </response>
      </chunk>
      <pos tag="vbz" MarkableID="markable_147">
        <morph lemma="come" MarkableID="markable_147">
          <word f="comes"/>
        </morph>
      </pos>
      <pos tag="nnp" MarkableID="markable_148">
        <morph lemma="very" MarkableID="markable_148">
          <word f="VERY"/>
        </morph>
      </pos>
      <pos tag="rb" MarkableID="markable_149">
        <morph lemma="close" MarkableID="markable_149">
          <word f="close"/>
        </morph>
      </pos>
      <pos tag="." MarkableID="markable_150">
        <morph lemma="." MarkableID="markable_150">
          <word f="."/>
        </morph>
      </pos>
    </parse>
  </sentence>
  <sentence orderid="13" MarkableID="markable_13">
    <parse tag="(ROOT (S (CC And) (RB then) (NP (NP (NP (DT all)) (PP (IN of) (NP (DT a) (JJ sudden)))) (: --) (NP (NNP Miss) (NNP Moppet))) (VP (VBZ jumps) (PP (IN upon) (NP (DT the) (NNP Mouse)))) (. !)))" MarkableID="markable_13">
      <pos tag="cc" MarkableID="markable_151">
        <morph lemma="and" MarkableID="markable_151">
          <word f="And"/>
        </morph>
      </pos>
      <pos tag="rb" MarkableID="markable_152">
        <morph lemma="then" MarkableID="markable_152">
          <word f="then"/>
        </morph>
      </pos>
      <pos tag="dt" MarkableID="markable_153">
        <chunk tag="np" MarkableID="markable_42">
          <markable sentenceid="13" label="np" type="chunk" lemmata="all" isprenominal="false" pos="dt" MarkableID="markable_36">
            <morph lemma="all" MarkableID="markable_153">
              <word f="all"/>
            </morph>
          </markable>
        </chunk>
      </pos>
      <pos tag="in" MarkableID="markable_154">
        <morph lemma="of" MarkableID="markable_154">
          <word f="of"/>
        </morph>
      </pos>
      <chunk tag="np" MarkableID="markable_43">
        <markable sentenceid="13" label="np" type="chunk" lemmata="a sudden" isprenominal="false" pos="dt jj" MarkableID="markable_37">
          <pos tag="dt" MarkableID="markable_155">
            <morph lemma="a" MarkableID="markable_155">
              <word f="a"/>
            </morph>
          </pos>
          <pos tag="jj" MarkableID="markable_156">
            <morph lemma="sudden" MarkableID="markable_156">
              <word f="sudden"/>
            </morph>
          </pos>
        </markable>
      </chunk>
      <pos tag=":" MarkableID="markable_157">
        <morph lemma="--" MarkableID="markable_157">
          <word f="--"/>
        </morph>
      </pos>
      <response enamex_type="np" coref_set="set_0" Gender="FEMALE" dir_antecedent="markable_45" number="singular" sem_class="FEMALE" MarkableID="markable_8">
        <chunk tag="np" MarkableID="markable_44">
          <markable sentenceid="13" label="np" type="chunk" lemmata="miss moppet" isprenominal="false" pos="nnp nnp" MarkableID="markable_38">
            <pos tag="nnp" MarkableID="markable_158">
              <morph lemma="miss" MarkableID="markable_158">
                <word f="Miss"/>
              </morph>
            </pos>
            <pos tag="nnp" MarkableID="markable_159">
              <morph lemma="moppet" MarkableID="markable_159">
                <word f="Moppet"/>
              </morph>
            </pos>
          </markable>
        </chunk>
      </response>
      <pos tag="vbz" MarkableID="markable_160">
        <morph lemma="jump" MarkableID="markable_160">
          <word f="jumps"/>
        </morph>
      </pos>
      <pos tag="in" MarkableID="markable_161">
        <morph lemma="upon" MarkableID="markable_161">
          <word f="upon"/>
        </morph>
      </pos>
      <response enamex_type="np" coref_set="set_1" Gender="NEUTRAL" dir_antecedent="markable_6" number="singular" sem_class="OBJECT" MarkableID="markable_9">
        <chunk tag="np" MarkableID="markable_45">
          <markable sentenceid="13" label="np" type="chunk" lemmata="the mouse" isprenominal="false" pos="dt nnp" MarkableID="markable_39">
            <pos tag="dt" MarkableID="markable_162">
              <morph lemma="the" MarkableID="markable_162">
                <word f="the"/>
              </morph>
            </pos>
            <pos tag="nnp" MarkableID="markable_163">
              <morph lemma="mouse" MarkableID="markable_163">
                <word f="Mouse"/>
              </morph>
            </pos>
          </markable>
        </chunk>
      </response>
      <pos tag="." MarkableID="markable_164">
        <morph lemma="!" MarkableID="markable_164">
          <word f="!"/>
        </morph>
      </pos>
    </parse>
  </sentence>
  <sentence orderid="14" MarkableID="markable_14">
    <parse tag="(ROOT (S (CC And) (SBAR (IN because) (S (NP (DT the) (NNP Mouse)) (VP (VBZ has) (VP (VBN teased) (NP (NNP Miss) (NNP Moppet)))))) (: --) (NP (NNP Miss) (NNP Moppet)) (VP (VBZ thinks) (SBAR (S (NP (PRP she)) (VP (MD will) (VP (VB tease) (NP (NP (DT the) (NNP Mouse)) (, ,) (SBAR (WHNP (WDT which)) (S (VP (VBZ is) (RB not) (ADJP (ADVP (IN at) (DT all)) (JJ nice)) (PP (IN of) (NP (NNP Miss) (NNP Moppet)))))))))))) (. .)))" MarkableID="markable_14">
      <pos tag="cc" MarkableID="markable_165">
        <morph lemma="and" MarkableID="markable_165">
          <word f="And"/>
        </morph>
      </pos>
      <pos tag="in" MarkableID="markable_166">
        <morph lemma="because" MarkableID="markable_166">
          <word f="because"/>
        </morph>
      </pos>
      <response enamex_type="np" coref_set="set_1" Gender="NEUTRAL" dir_antecedent="markable_9" number="singular" sem_class="OBJECT" MarkableID="markable_54">
        <chunk tag="np" MarkableID="markable_46">
          <markable sentenceid="14" label="np" type="chunk" lemmata="the mouse" isprenominal="false" pos="dt nnp" MarkableID="markable_40">
            <pos tag="dt" MarkableID="markable_167">
              <morph lemma="the" MarkableID="markable_167">
                <word f="the"/>
              </morph>
            </pos>
            <pos tag="nnp" MarkableID="markable_168">
              <morph lemma="mouse" MarkableID="markable_168">
                <word f="Mouse"/>
              </morph>
            </pos>
          </markable>
        </chunk>
      </response>
      <pos tag="vbz" MarkableID="markable_169">
        <morph lemma="have" MarkableID="markable_169">
          <word f="has"/>
        </morph>
      </pos>
      <pos tag="vbn" MarkableID="markable_170">
        <morph lemma="tease" MarkableID="markable_170">
          <word f="teased"/>
        </morph>
      </pos>
      <response enamex_type="np" coref_set="set_0" Gender="FEMALE" dir_antecedent="markable_8" number="singular" sem_class="FEMALE" MarkableID="markable_28">
        <chunk tag="np" MarkableID="markable_47">
          <markable sentenceid="14" label="np" type="chunk" lemmata="miss moppet" isprenominal="false" pos="nnp nnp" MarkableID="markable_41">
            <pos tag="nnp" MarkableID="markable_171">
              <morph lemma="miss" MarkableID="markable_171">
                <word f="Miss"/>
              </morph>
            </pos>
            <pos tag="nnp" MarkableID="markable_172">
              <morph lemma="moppet" MarkableID="markable_172">
                <word f="Moppet"/>
              </morph>
            </pos>
          </markable>
        </chunk>
      </response>
      <pos tag=":" MarkableID="markable_173">
        <morph lemma="--" MarkableID="markable_173">
          <word f="--"/>
        </morph>
      </pos>
      <response enamex_type="np" coref_set="set_0" Gender="FEMALE" dir_antecedent="markable_28" number="singular" sem_class="FEMALE" MarkableID="markable_17">
        <chunk tag="np" MarkableID="markable_48">
          <markable sentenceid="14" label="np" type="chunk" lemmata="miss moppet" isprenominal="false" pos="nnp nnp" MarkableID="markable_42">
            <pos tag="nnp" MarkableID="markable_174">
              <morph lemma="miss" MarkableID="markable_174">
                <word f="Miss"/>
              </morph>
            </pos>
            <pos tag="nnp" MarkableID="markable_175">
              <morph lemma="moppet" MarkableID="markable_175">
                <word f="Moppet"/>
              </morph>
            </pos>
          </markable>
        </chunk>
      </response>
      <pos tag="vbz" MarkableID="markable_176">
        <morph lemma="think" MarkableID="markable_176">
          <word f="thinks"/>
        </morph>
      </pos>
      <response enamex_type="np" coref_set="set_0" Gender="FEMALE" dir_antecedent="markable_17" number="singular" sem_class="FEMALE" MarkableID="markable_14">
        <pos tag="prp" MarkableID="markable_177">
          <chunk tag="np" MarkableID="markable_49">
            <markable sentenceid="14" label="np" type="chunk" lemmata="she" isprenominal="false" pos="prp" MarkableID="markable_43">
              <morph lemma="she" MarkableID="markable_177">
                <word f="she"/>
              </morph>
            </markable>
          </chunk>
        </pos>
      </response>
      <pos tag="md" MarkableID="markable_178">
        <morph lemma="will" MarkableID="markable_178">
          <word f="will"/>
        </morph>
      </pos>
      <pos tag="vb" MarkableID="markable_179">
        <morph lemma="tease" MarkableID="markable_179">
          <word f="tease"/>
        </morph>
      </pos>
      <response enamex_type="np" coref_set="set_1" Gender="NEUTRAL" dir_antecedent="markable_54" number="singular" sem_class="OBJECT" MarkableID="markable_2">
        <chunk tag="np" MarkableID="markable_50">
          <markable sentenceid="14" label="np" type="chunk" lemmata="the mouse" isprenominal="false" pos="dt nnp" MarkableID="markable_44">
            <pos tag="dt" MarkableID="markable_180">
              <morph lemma="the" MarkableID="markable_180">
                <word f="the"/>
              </morph>
            </pos>
            <pos tag="nnp" MarkableID="markable_181">
              <morph lemma="mouse" MarkableID="markable_181">
                <word f="Mouse"/>
              </morph>
            </pos>
          </markable>
        </chunk>
      </response>
      <pos tag="," MarkableID="markable_182">
        <morph lemma="," MarkableID="markable_182">
          <word f=","/>
        </morph>
      </pos>
      <pos tag="wdt" MarkableID="markable_183">
        <morph lemma="which" MarkableID="markable_183">
          <word f="which"/>
        </morph>
      </pos>
      <pos tag="vbz" MarkableID="markable_184">
        <morph lemma="be" MarkableID="markable_184">
          <word f="is"/>
        </morph>
      </pos>
      <pos tag="rb" MarkableID="markable_185">
        <morph lemma="not" MarkableID="markable_185">
          <word f="not"/>
        </morph>
      </pos>
      <pos tag="in" MarkableID="markable_186">
        <morph lemma="at" MarkableID="markable_186">
          <word f="at"/>
        </morph>
      </pos>
      <pos tag="dt" MarkableID="markable_187">
        <morph lemma="all" MarkableID="markable_187">
          <word f="all"/>
        </morph>
      </pos>
      <pos tag="jj" MarkableID="markable_188">
        <morph lemma="nice" MarkableID="markable_188">
          <word f="nice"/>
        </morph>
      </pos>
      <pos tag="in" MarkableID="markable_189">
        <morph lemma="of" MarkableID="markable_189">
          <word f="of"/>
        </morph>
      </pos>
      <response enamex_type="np" coref_set="set_0" Gender="FEMALE" dir_antecedent="markable_14" number="singular" sem_class="FEMALE" MarkableID="markable_1">
        <chunk tag="np" MarkableID="markable_51">
          <markable sentenceid="14" label="np" type="chunk" lemmata="miss moppet" isprenominal="false" pos="nnp nnp" MarkableID="markable_45">
            <pos tag="nnp" MarkableID="markable_190">
              <morph lemma="miss" MarkableID="markable_190">
                <word f="Miss"/>
              </morph>
            </pos>
            <pos tag="nnp" MarkableID="markable_191">
              <morph lemma="moppet" MarkableID="markable_191">
                <word f="Moppet"/>
              </morph>
            </pos>
          </markable>
        </chunk>
      </response>
      <pos tag="." MarkableID="markable_192">
        <morph lemma="." MarkableID="markable_192">
          <word f="."/>
        </morph>
      </pos>
    </parse>
  </sentence>
  <sentence orderid="15" MarkableID="markable_15">
    <parse tag="(ROOT (S (NP (PRP She)) (VP (VP (VBZ ties) (NP (PRP him)) (PRT (RP up)) (PP (IN in) (NP (DT the) (NN duster)))) (CC and) (VP (VBZ tosses) (NP (PRP it)) (PP (IN about)) (PP (IN like) (NP (DT a) (NN ball))))) (. .)))" MarkableID="markable_15">
      <response enamex_type="np" coref_set="set_0" Gender="FEMALE" dir_antecedent="markable_1" number="singular" sem_class="FEMALE" MarkableID="markable_4">
        <pos tag="prp" MarkableID="markable_193">
          <chunk tag="np" MarkableID="markable_52">
            <markable sentenceid="15" label="np" type="chunk" lemmata="she" isprenominal="false" pos="prp" MarkableID="markable_46">
              <morph lemma="she" MarkableID="markable_193">
                <word f="She"/>
              </morph>
            </markable>
          </chunk>
        </pos>
      </response>
      <pos tag="vbz" MarkableID="markable_194">
        <morph lemma="tie" MarkableID="markable_194">
          <word f="ties"/>
        </morph>
      </pos>
      <response enamex_type="np" coref_set="set_2" Gender="MALE" dir_antecedent="markable_25" number="singular" sem_class="MALE" MarkableID="markable_29">
        <pos tag="prp" MarkableID="markable_195">
          <chunk tag="np" MarkableID="markable_53">
            <markable sentenceid="15" label="np" type="chunk" lemmata="he" isprenominal="false" pos="prp" MarkableID="markable_47">
              <morph lemma="he" MarkableID="markable_195">
                <word f="him"/>
              </morph>
            </markable>
          </chunk>
        </pos>
      </response>
      <pos tag="rp" MarkableID="markable_196">
        <morph lemma="up" MarkableID="markable_196">
          <word f="up"/>
        </morph>
      </pos>
      <pos tag="in" MarkableID="markable_197">
        <morph lemma="in" MarkableID="markable_197">
          <word f="in"/>
        </morph>
      </pos>
      <response enamex_type="np" coref_set="set_4" Gender="UNKNOWN" dir_antecedent="markable_42" number="singular" sem_class="UNKNOWN" MarkableID="markable_26">
        <chunk tag="np" MarkableID="markable_54">
          <markable sentenceid="15" label="np" type="chunk" lemmata="the duster" isprenominal="false" pos="dt nn" MarkableID="markable_48">
            <pos tag="dt" MarkableID="markable_198">
              <morph lemma="the" MarkableID="markable_198">
                <word f="the"/>
              </morph>
            </pos>
            <pos tag="nn" MarkableID="markable_199">
              <morph lemma="duster" MarkableID="markable_199">
                <word f="duster"/>
              </morph>
            </pos>
          </markable>
        </chunk>
      </response>
      <pos tag="cc" MarkableID="markable_200">
        <morph lemma="and" MarkableID="markable_200">
          <word f="and"/>
        </morph>
      </pos>
      <pos tag="vbz" MarkableID="markable_201">
        <morph lemma="toss" MarkableID="markable_201">
          <word f="tosses"/>
        </morph>
      </pos>
      <response enamex_type="np" coref_set="set_6" Gender="NEUTRAL" dir_antecedent="markable_18" number="singular" sem_class="UNKNOWN" MarkableID="markable_40">
        <pos tag="prp" MarkableID="markable_202">
          <chunk tag="np" MarkableID="markable_55">
            <markable sentenceid="15" label="np" type="chunk" lemmata="it" isprenominal="false" pos="prp" MarkableID="markable_49">
              <morph lemma="it" MarkableID="markable_202">
                <word f="it"/>
              </morph>
            </markable>
          </chunk>
        </pos>
      </response>
      <pos tag="in" MarkableID="markable_203">
        <morph lemma="about" MarkableID="markable_203">
          <word f="about"/>
        </morph>
      </pos>
      <pos tag="in" MarkableID="markable_204">
        <morph lemma="like" MarkableID="markable_204">
          <word f="like"/>
        </morph>
      </pos>
      <chunk tag="np" MarkableID="markable_56">
        <markable sentenceid="15" label="np" type="chunk" lemmata="a ball" isprenominal="false" pos="dt nn" MarkableID="markable_50">
          <pos tag="dt" MarkableID="markable_205">
            <morph lemma="a" MarkableID="markable_205">
              <word f="a"/>
            </morph>
          </pos>
          <pos tag="nn" MarkableID="markable_206">
            <morph lemma="ball" MarkableID="markable_206">
              <word f="ball"/>
            </morph>
          </pos>
        </markable>
      </chunk>
      <pos tag="." MarkableID="markable_207">
        <morph lemma="." MarkableID="markable_207">
          <word f="."/>
        </morph>
      </pos>
    </parse>
  </sentence>
  <sentence orderid="16" MarkableID="markable_16">
    <parse tag="(ROOT (S (CC But) (S (NP (PRP she)) (VP (VBD forgot) (RB about) (NP (NP (DT that) (NN hole)) (PP (IN in) (NP (DT the) (NN duster)))))) (: ;) (CC and) (S (SBAR (WHADVP (WRB when)) (S (NP (PRP she)) (VP (VBD untied) (NP (PRP it))))) (: --) (NP (EX there)) (VP (VBD was) (NP (DT no) (NNP Mouse)))) (. !)))" MarkableID="markable_16">
      <pos tag="cc" MarkableID="markable_208">
        <morph lemma="but" MarkableID="markable_208">
          <word f="But"/>
        </morph>
      </pos>
      <response enamex_type="np" coref_set="set_0" Gender="FEMALE" dir_antecedent="markable_4" number="singular" sem_class="FEMALE" MarkableID="markable_21">
        <pos tag="prp" MarkableID="markable_209">
          <chunk tag="np" MarkableID="markable_57">
            <markable sentenceid="16" label="np" type="chunk" lemmata="she" isprenominal="false" pos="prp" MarkableID="markable_51">
              <morph lemma="she" MarkableID="markable_209">
                <word f="she"/>
              </morph>
            </markable>
          </chunk>
        </pos>
      </response>
      <pos tag="vbd" MarkableID="markable_210">
        <morph lemma="forget" MarkableID="markable_210">
          <word f="forgot"/>
        </morph>
      </pos>
      <pos tag="rb" MarkableID="markable_211">
        <morph lemma="about" MarkableID="markable_211">
          <word f="about"/>
        </morph>
      </pos>
      <pos tag="dt" MarkableID="markable_212">
        <morph lemma="that" MarkableID="markable_212">
          <word f="that"/>
        </morph>
      </pos>
      <response enamex_type="np" coref_set="set_7" Gender="UNKNOWN" dir_antecedent="markable_23" number="singular" sem_class="UNKNOWN" MarkableID="markable_20">
        <pos tag="nn" MarkableID="markable_213">
          <chunk tag="np" MarkableID="markable_58">
            <markable sentenceid="16" label="np" type="chunk" lemmata="hole" isprenominal="false" pos="nn" MarkableID="markable_52">
              <morph lemma="hole" MarkableID="markable_213">
                <word f="hole"/>
              </morph>
            </markable>
          </chunk>
        </pos>
      </response>
      <pos tag="in" MarkableID="markable_214">
        <morph lemma="in" MarkableID="markable_214">
          <word f="in"/>
        </morph>
      </pos>
      <response enamex_type="np" coref_set="set_4" Gender="UNKNOWN" dir_antecedent="markable_26" number="singular" sem_class="UNKNOWN" MarkableID="markable_11">
        <chunk tag="np" MarkableID="markable_59">
          <markable sentenceid="16" label="np" type="chunk" lemmata="the duster" isprenominal="false" pos="dt nn" MarkableID="markable_53">
            <pos tag="dt" MarkableID="markable_215">
              <morph lemma="the" MarkableID="markable_215">
                <word f="the"/>
              </morph>
            </pos>
            <pos tag="nn" MarkableID="markable_216">
              <morph lemma="duster" MarkableID="markable_216">
                <word f="duster"/>
              </morph>
            </pos>
          </markable>
        </chunk>
      </response>
      <pos tag=":" MarkableID="markable_217">
        <morph lemma=";" MarkableID="markable_217">
          <word f=";"/>
        </morph>
      </pos>
      <pos tag="cc" MarkableID="markable_218">
        <morph lemma="and" MarkableID="markable_218">
          <word f="and"/>
        </morph>
      </pos>
      <pos tag="wrb" MarkableID="markable_219">
        <morph lemma="when" MarkableID="markable_219">
          <word f="when"/>
        </morph>
      </pos>
      <response enamex_type="np" coref_set="set_0" Gender="FEMALE" dir_antecedent="markable_21" number="singular" sem_class="FEMALE" MarkableID="markable_38">
        <pos tag="prp" MarkableID="markable_220">
          <chunk tag="np" MarkableID="markable_60">
            <markable sentenceid="16" label="np" type="chunk" lemmata="she" isprenominal="false" pos="prp" MarkableID="markable_54">
              <morph lemma="she" MarkableID="markable_220">
                <word f="she"/>
              </morph>
            </markable>
          </chunk>
        </pos>
      </response>
      <pos tag="vbd" MarkableID="markable_221">
        <morph lemma="untie" MarkableID="markable_221">
          <word f="untied"/>
        </morph>
      </pos>
      <response enamex_type="np" coref_set="set_6" Gender="NEUTRAL" dir_antecedent="markable_40" number="singular" sem_class="UNKNOWN" MarkableID="markable_34">
        <pos tag="prp" MarkableID="markable_222">
          <chunk tag="np" MarkableID="markable_61">
            <markable sentenceid="16" label="np" type="chunk" lemmata="it" isprenominal="false" pos="prp" MarkableID="markable_55">
              <morph lemma="it" MarkableID="markable_222">
                <word f="it"/>
              </morph>
            </markable>
          </chunk>
        </pos>
      </response>
      <pos tag=":" MarkableID="markable_223">
        <morph lemma="--" MarkableID="markable_223">
          <word f="--"/>
        </morph>
      </pos>
      <pos tag="ex" MarkableID="markable_224">
        <chunk tag="np" MarkableID="markable_62">
          <markable sentenceid="16" label="np" type="chunk" lemmata="there" isprenominal="false" pos="ex" MarkableID="markable_56">
            <morph lemma="there" MarkableID="markable_224">
              <word f="there"/>
            </morph>
          </markable>
        </chunk>
      </pos>
      <pos tag="vbd" MarkableID="markable_225">
        <morph lemma="be" MarkableID="markable_225">
          <word f="was"/>
        </morph>
      </pos>
      <response enamex_type="np" coref_set="set_1" Gender="NEUTRAL" dir_antecedent="markable_2" number="singular" sem_class="OBJECT" MarkableID="markable_51">
        <chunk tag="np" MarkableID="markable_63">
          <markable sentenceid="16" label="np" type="chunk" lemmata="no mouse" isprenominal="false" pos="dt nnp" MarkableID="markable_57">
            <pos tag="dt" MarkableID="markable_226">
              <morph lemma="no" MarkableID="markable_226">
                <word f="no"/>
              </morph>
            </pos>
            <pos tag="nnp" MarkableID="markable_227">
              <morph lemma="mouse" MarkableID="markable_227">
                <word f="Mouse"/>
              </morph>
            </pos>
          </markable>
        </chunk>
      </response>
      <pos tag="." MarkableID="markable_228">
        <morph lemma="!" MarkableID="markable_228">
          <word f="!"/>
        </morph>
      </pos>
    </parse>
  </sentence>
  <sentence orderid="17" MarkableID="markable_17">
    <parse tag="(ROOT (S (S (NP (PRP He)) (VP (VP (VBZ has) (VP (VBN wriggled) (PRT (RP out)))) (CC and) (VP (VBP run) (ADVP (RB away))))) (: ;) (CC and) (S (NP (PRP he)) (VP (VBZ is) (VP (VBG dancing) (NP (NP (DT a) (NN jig)) (PP (IN on) (NP (NP (NN top)) (PP (IN of) (NP (DT the) (NN cupboard))))))))) (. !)))" MarkableID="markable_17">
      <response enamex_type="np" coref_set="set_2" Gender="MALE" dir_antecedent="markable_29" number="singular" sem_class="MALE" MarkableID="markable_35">
        <pos tag="prp" MarkableID="markable_229">
          <chunk tag="np" MarkableID="markable_64">
            <markable sentenceid="17" label="np" type="chunk" lemmata="he" isprenominal="false" pos="prp" MarkableID="markable_58">
              <morph lemma="he" MarkableID="markable_229">
                <word f="He"/>
              </morph>
            </markable>
          </chunk>
        </pos>
      </response>
      <pos tag="vbz" MarkableID="markable_230">
        <morph lemma="have" MarkableID="markable_230">
          <word f="has"/>
        </morph>
      </pos>
      <pos tag="vbn" MarkableID="markable_231">
        <morph lemma="wriggle" MarkableID="markable_231">
          <word f="wriggled"/>
        </morph>
      </pos>
      <pos tag="rp" MarkableID="markable_232">
        <morph lemma="out" MarkableID="markable_232">
          <word f="out"/>
        </morph>
      </pos>
      <pos tag="cc" MarkableID="markable_233">
        <morph lemma="and" MarkableID="markable_233">
          <word f="and"/>
        </morph>
      </pos>
      <pos tag="vbp" MarkableID="markable_234">
        <morph lemma="run" MarkableID="markable_234">
          <word f="run"/>
        </morph>
      </pos>
      <pos tag="rb" MarkableID="markable_235">
        <morph lemma="away" MarkableID="markable_235">
          <word f="away"/>
        </morph>
      </pos>
      <pos tag=":" MarkableID="markable_236">
        <morph lemma=";" MarkableID="markable_236">
          <word f=";"/>
        </morph>
      </pos>
      <pos tag="cc" MarkableID="markable_237">
        <morph lemma="and" MarkableID="markable_237">
          <word f="and"/>
        </morph>
      </pos>
      <response enamex_type="np" coref_set="set_2" Gender="MALE" dir_antecedent="markable_35" number="singular" sem_class="MALE" MarkableID="markable_7">
        <pos tag="prp" MarkableID="markable_238">
          <chunk tag="np" MarkableID="markable_65">
            <markable sentenceid="17" label="np" type="chunk" lemmata="he" isprenominal="false" pos="prp" MarkableID="markable_59">
              <morph lemma="he" MarkableID="markable_238">
                <word f="he"/>
              </morph>
            </markable>
          </chunk>
        </pos>
      </response>
      <pos tag="vbz" MarkableID="markable_239">
        <morph lemma="be" MarkableID="markable_239">
          <word f="is"/>
        </morph>
      </pos>
      <pos tag="vbg" MarkableID="markable_240">
        <morph lemma="dance" MarkableID="markable_240">
          <word f="dancing"/>
        </morph>
      </pos>
      <chunk tag="np" MarkableID="markable_66">
        <markable sentenceid="17" label="np" type="chunk" lemmata="a jig" isprenominal="false" pos="dt nn" MarkableID="markable_60">
          <pos tag="dt" MarkableID="markable_241">
            <morph lemma="a" MarkableID="markable_241">
              <word f="a"/>
            </morph>
          </pos>
          <pos tag="nn" MarkableID="markable_242">
            <morph lemma="jig" MarkableID="markable_242">
              <word f="jig"/>
            </morph>
          </pos>
        </markable>
      </chunk>
      <pos tag="in" MarkableID="markable_243">
        <morph lemma="on" MarkableID="markable_243">
          <word f="on"/>
        </morph>
      </pos>
      <response enamex_type="np" coref_set="set_8" Gender="NEUTRAL" dir_antecedent="markable_47" number="singular" sem_class="LOCATION" MarkableID="markable_22">
        <pos tag="nn" MarkableID="markable_244">
          <chunk tag="np" MarkableID="markable_67">
            <markable sentenceid="17" label="np" type="chunk" lemmata="top" isprenominal="false" pos="nn" MarkableID="markable_61">
              <morph lemma="top" MarkableID="markable_244">
                <word f="top"/>
              </morph>
            </markable>
          </chunk>
        </pos>
      </response>
      <pos tag="in" MarkableID="markable_245">
        <morph lemma="of" MarkableID="markable_245">
          <word f="of"/>
        </morph>
      </pos>
      <response enamex_type="np" coref_set="set_5" Gender="NEUTRAL" dir_antecedent="markable_15" number="singular" sem_class="OBJECT" MarkableID="markable_16">
        <chunk tag="np" MarkableID="markable_68">
          <markable sentenceid="17" label="np" type="chunk" lemmata="the cupboard" isprenominal="false" pos="dt nn" MarkableID="markable_62">
            <pos tag="dt" MarkableID="markable_246">
              <morph lemma="the" MarkableID="markable_246">
                <word f="the"/>
              </morph>
            </pos>
            <pos tag="nn" MarkableID="markable_247">
              <morph lemma="cupboard" MarkableID="markable_247">
                <word f="cupboard"/>
              </morph>
            </pos>
          </markable>
        </chunk>
      </response>
      <pos tag="." MarkableID="markable_248">
        <morph lemma="!" MarkableID="markable_248">
          <word f="!"/>
        </morph>
      </pos>
    </parse>
  </sentence>
</discourse>
